amount_loan,status,type_card,date_card,no. of inhabitants,no. of municipalities with inhabitants < 499,no. of municipalities with inhabitants 500-1999,no. of municipalities with inhabitants 2000-9999,no. of municipalities with inhabitants >10000,no. of cities,ratio of urban inhabitants,average salary,unemploymant rate '95,no. of enterpreneurs per 1000 inhabitants,frequency,date_account,sex,age,n_credits,n_withdrawals,total_transfer_amount,min_amount,max_amount,cov_transfers,mean_transfers,std_transfers,min_balance,max_balance,mean_balance,n_members,loan_year
96396,-1,0,0.0,94812,15,13,8,2,10,81.8,9650,3.38,100,weekly issuance,1993/03/22,female,74,4,0,20100.0,1100.0,9900.0,9218333.333333332,5025.0,3774.8068383251966,1100.0,20100.0,12250.0,1,1993
165960,1,0,0.0,112709,48,20,7,3,10,73.5,8369,1.79,117,monthly issuance,1993/02/13,male,53,17,20,407578.5,2.9,54300.0,161981751.79118615,11015.635135135135,14040.410909609293,700.0,120512.8,52083.85945945945,1,1993
127080,1,0,0.0,77917,85,19,6,1,5,53.5,8390,2.28,132,monthly issuance,1993/02/08,male,85,15,9,130019.0,48.6,19065.0,21904028.601920288,5417.458333333334,6209.075791824673,800.0,49590.4,30060.95416666668,1,1993
105804,1,0,0.0,177686,69,27,10,1,9,74.8,10045,1.42,135,monthly issuance,1993/01/30,female,81,13,12,206327.00000000003,14.6,26448.0,33274199.20625,8253.080000000002,7773.338885736297,1000.0,65898.5,41297.479999999996,1,1993
274740,1,0,0.0,86513,38,36,5,1,5,50.5,8288,3.79,110,weekly issuance,1993/02/14,male,43,13,14,511541.1,30.0,63366.0,378651171.10692304,18945.966666666667,19355.220501853873,600.0,122893.1,57188.21111111113,1,1993
87840,1,0,0.0,53921,61,22,1,1,2,41.3,8598,2.77,123,monthly issuance,1993/05/12,male,36,14,3,161447.8,51.3,32938.0,27986443.12147059,9496.929411764706,11685.30667279237,500.0,65847.8,46318.55294117648,2,1993
52788,1,0,0.0,58796,22,16,7,1,5,51.9,9045,3.13,124,monthly issuance,1993/01/14,male,48,21,22,159740.6,14.6,17920.0,8971549.327331118,3714.8976744186057,3862.2346355746645,1000.0,41469.1,22198.179069767448,1,1993
174744,-1,0,0.0,122603,25,21,6,2,8,80.0,8991,1.39,128,monthly issuance,1993/04/14,female,73,16,16,369854.4,14.6,52600.0,195206345.05225804,11557.949999999999,14867.801037205725,1000.0,105628.0,37485.456249999996,1,1993
154416,1,0,0.0,70699,60,13,2,1,4,65.3,8968,2.83,131,weekly issuance,1993/04/20,female,52,16,16,311684.80000000005,13.6,39098.0,55733451.1819355,9740.15,10535.16265560243,8897.0,81723.5,46715.8,1,1993
117024,1,0,0.0,177686,69,27,10,1,9,74.8,10045,1.42,135,monthly issuance,1993/06/20,male,86,9,4,183593.5,45.1,29255.0,154217122.06756407,14122.576923076924,13516.669823416432,800.0,76985.2,44131.16923076923,1,1993
21924,1,0,0.0,157042,49,70,18,0,9,33.9,8743,1.88,111,monthly issuance,1993/01/17,female,62,21,24,268089.5,14.6,21739.5,32554343.583030302,5957.544444444446,6350.493803475429,1100.0,60432.4,34272.21333333335,2,1993
79608,1,0,0.0,105606,77,26,7,2,7,53.0,8254,2.79,97,monthly issuance,1993/01/13,male,51,22,31,932818.9999999999,14.6,67124.0,135679710.89630267,17600.358490566032,19189.332711565738,800.0,125825.7,69954.57169811318,1,1993
464520,-1,0,0.0,148545,8,35,12,3,4,53.5,8909,4.01,113,weekly issuance,1993/03/19,female,81,31,37,906834.3,30.0,47757.0,149271423.63420323,13335.798529411764,12806.204786632223,200.0,125943.1,51760.01617647063,1,1993
95400,1,0,0.0,95616,65,30,4,1,6,51.4,9307,3.85,118,weekly issuance,1993/03/15,male,50,22,25,487423.00000000006,23.6,35760.0,117922075.4079926,10370.702127659575,12370.934495921747,200.0,92354.8,41562.32340425532,1,1993
93888,1,0,0.0,86513,38,36,5,1,5,50.5,8288,3.79,110,issuance after transaction,1993/07/05,female,71,12,7,135316.40000000002,48.0,15649.0,7248716.313421056,7121.915789473684,6970.297899122721,600.0,52378.2,37510.49473684211,1,1993
47016,1,0,0.0,112709,48,20,7,3,10,73.5,8369,1.79,117,issuance after transaction,1993/04/14,female,64,22,20,514593.4,32.8,51800.0,73371006.85937284,12252.22380952381,13682.969654349828,200.0,112901.6,60382.085714285706,1,1993
259740,1,0,0.0,228848,15,40,18,2,6,57.2,9893,4.09,96,monthly issuance,1993/07/11,male,42,10,7,221647.5,75.3,38960.0,126340586.01066177,13038.088235294117,12382.578149404222,800.0,79633.5,45198.15294117648,1,1993
38148,1,0,0.0,1204953,0,0,0,1,1,100.0,12541,0.29,167,monthly issuance,1993/06/28,female,56,18,11,242717.1,9.9,32706.0,74637229.15539409,8369.555172413793,9759.339780933156,900.0,62324.6,37462.093103448286,1,1993
86616,1,0,0.0,75637,35,36,9,0,7,36.5,9622,0.45,154,monthly issuance,1993/08/18,male,60,12,3,79853.2,29.8,17859.0,38852783.765523806,5323.546666666666,6131.066304470171,800.0,48353.1,25714.046666666665,1,1993
75624,-1,0,0.0,387570,0,0,0,1,1,100.0,9897,1.6,140,monthly issuance,1993/06/10,male,63,15,8,308355.0,50.5,49887.0,159754665.846917,13406.739130434782,16670.612597942283,400.0,89754.8,50009.90869565218,1,1993
80952,1,0,0.0,1204953,0,0,0,1,1,100.0,12541,0.29,167,monthly issuance,1993/02/26,female,81,22,32,429529.89999999997,13.5,30354.0,57107000.4857617,7954.2574074074055,8793.27113234998,1100.0,67529.6,32590.62407407406,2,1994
80952,1,0,0.0,1204953,0,0,0,1,1,100.0,12541,0.29,167,monthly issuance,1993/02/26,female,81,22,32,428638.49999999994,13.5,30354.0,55961423.259716965,7937.749999999999,8801.998149535932,1100.0,67529.6,33312.53888888891,2,1994
24516,1,0,0.0,1204953,0,0,0,1,1,100.0,12541,0.29,167,monthly issuance,1993/02/27,male,63,31,42,1182713.8,12.5,59200.0,202908072.03733447,16201.558904109586,17640.206218149582,200.0,125254.2,55582.22602739725,1,1994
253200,1,0,0.0,139012,59,41,8,3,10,61.9,8363,2.52,108,weekly issuance,1993/05/10,female,71,21,20,488406.69999999995,30.0,46304.0,154329928.2524695,11912.358536585367,14459.62044505276,800.0,104417.9,47302.546341463436,1,1994
21072,1,0,0.0,74062,99,15,4,2,7,61.4,8114,2.38,119,monthly issuance,1993/09/08,female,57,13,2,47467.100000000006,48.5,9738.0,5842881.356761904,3164.473333333334,3558.2435125989314,1100.0,33467.0,21575.68666666666,1,1994
108144,1,0,0.0,108871,41,29,7,2,6,62.1,8444,3.24,106,monthly issuance,1993/05/20,male,64,23,32,751928.6,14.6,60600.0,175274228.72579458,13671.429090909089,16921.113973296386,900.0,123863.4,54652.89818181817,2,1994
78936,1,0,0.0,51313,34,12,3,1,4,59.2,8930,3.52,108,monthly issuance,1993/05/09,female,64,24,27,166209.0,14.6,11416.0,3507055.5188,3259.0000000000005,3214.6190370866657,900.0,40560.3,25900.319607843132,1,1994
149040,1,0,0.0,75637,35,36,9,0,7,36.5,9622,0.45,154,monthly issuance,1993/04/21,female,53,20,34,360829.60000000003,14.6,27946.0,47177014.998637326,6682.029629629629,7629.0304123832,200.0,62441.6,36845.58888888889,1,1994
49320,-1,0,0.0,122603,25,21,6,2,8,80.0,8991,1.39,128,issuance after transaction,1993/09/03,female,76,17,32,516869.60000000003,100.0,62700.0,135929889.51864797,10548.35918367347,14102.34576349975,900.0,126833.0,46576.27755102041,1,1994
197748,1,0,0.0,53921,61,22,1,1,2,41.3,8598,2.77,123,monthly issuance,1993/09/13,male,53,11,5,228694.6,68.3,36216.0,152715252.06958336,14293.412500000002,12674.318704470865,300.0,74413.6,44735.43125,2,1994
300660,1,0,0.0,128118,9,16,6,3,8,85.3,9317,6.49,97,monthly issuance,1993/04/29,male,71,24,42,682607.0,14.6,48900.0,234883720.2487413,10342.530303030304,13800.624291118356,800.0,135175.2,45854.89090909087,1,1994
182628,1,0,0.0,138032,67,30,4,2,5,64.6,8819,5.38,99,monthly issuance,1993/10/10,male,62,10,3,107660.9,67.1,23204.0,41094267.38076922,8281.607692307693,7798.415712124006,500.0,52246.0,33229.1076923077,1,1994
91632,1,0,0.0,139012,59,41,8,3,10,61.9,8363,2.52,108,monthly issuance,1993/03/08,male,60,27,43,441287.39999999997,14.6,26378.0,21271684.846997928,6304.1057142857135,7061.299538767547,700.0,64577.8,40976.942857142836,2,1994
51696,1,classic,931107.0,323870,0,0,0,1,1,100.0,10673,4.75,100,monthly issuance,1993/02/08,female,53,44,58,1417929.5,14.6,59600.0,145264448.90836826,13901.269607843138,16005.32506969761,600.0,124339.4,58226.50490196077,1,1994
55368,1,0,0.0,197099,29,41,10,2,10,74.7,9624,1.6,145,monthly issuance,1993/03/18,female,82,47,51,852842.5999999999,14.6,48139.0,56066323.60202608,8702.475510204076,10214.905753667104,200.0,113350.7,46061.31938775505,1,1994
91200,1,0,0.0,119895,17,4,3,2,4,89.9,10446,7.34,90,monthly issuance,1993/07/28,male,63,18,18,359982.8,14.6,34198.0,81177315.7695238,9999.522222222224,10256.550986539876,700.0,76736.9,32558.533333333333,2,1994
7656,1,0,0.0,78955,50,24,8,1,9,59.0,9060,1.78,124,monthly issuance,1993/03/28,male,62,36,45,521365.4,9.2,31677.0,37514875.90622994,6436.609876543208,8882.850638725231,600.0,73069.1,46444.63950617286,2,1994
212400,1,0,0.0,85852,41,23,4,2,4,59.8,8965,7.08,104,weekly issuance,1993/03/05,female,55,31,40,802411.2000000001,30.0,48828.0,178853610.19355333,11301.5661971831,14293.62035768749,300.0,133215.2,51034.36197183098,1,1994
167100,1,0,0.0,145688,22,41,13,2,5,40.7,8544,1.29,109,monthly issuance,1993/05/06,male,48,33,46,1132260.2,14.6,49980.0,145960952.55633393,14332.407594936705,15463.91500017903,1100.0,143605.7,63707.62658227849,2,1994
149340,1,0,0.0,105606,77,26,7,2,7,53.0,8254,2.79,97,weekly issuance,1993/05/21,male,58,23,33,323612.30000000005,30.0,22404.0,33452023.134691555,5778.791071428573,6217.798280984173,500.0,53214.0,29069.11607142853,1,1994
65184,1,0,0.0,75232,55,26,4,1,5,41.7,8980,1.95,111,monthly issuance,1993/01/25,male,64,30,52,981759.5,14.6,48891.0,140356284.47796294,11972.67682926829,13636.62960215953,900.0,102410.3,47426.549999999974,1,1994
215388,-1,0,0.0,119895,17,4,3,2,4,89.9,10446,7.34,90,monthly issuance,1993/11/27,male,62,10,5,91662.9,18.0,49757.0,69582698.19614284,6110.860000000001,12682.024781432072,1000.0,50757.0,32702.726666666666,1,1994
89040,1,0,0.0,148545,8,35,12,3,4,53.5,8909,4.01,113,monthly issuance,1993/04/12,male,45,44,43,299384.80000000005,14.6,15843.0,1558509.8530232562,3441.2045977011485,4366.932331604856,800.0,46550.2,30045.399999999998,2,1994
193968,1,0,0.0,226122,32,50,7,4,4,62.6,8994,3.8,110,issuance after transaction,1993/10/25,male,49,20,9,491580.0,52.4,54200.0,244228449.45474142,16951.03448275862,16518.52298207932,800.0,120567.3,63579.21724137932,1,1994
24312,1,0,0.0,93931,74,21,10,1,8,56.9,8427,1.12,107,monthly issuance,1993/02/10,female,66,37,41,386059.0,14.6,24322.0,12302635.797006331,4949.474358974358,6039.628286369602,1100.0,48277.9,29380.83974358974,1,1994
272520,1,0,0.0,92084,55,29,4,3,5,46.7,10124,0.56,141,monthly issuance,1993/06/18,female,80,34,50,905381.0,13.3,56700.0,137158225.87989956,10778.345238095239,13082.585295796247,1100.0,121891.4,44602.641666666634,2,1994
80340,1,0,0.0,1204953,0,0,0,1,1,100.0,12541,0.29,167,monthly issuance,1993/07/05,male,43,22,30,804148.7000000001,14.6,61260.0,162392227.51292235,15464.398076923077,16870.665631875505,1100.0,122523.5,61531.59038461539,2,1994
97632,1,0,0.0,103347,87,16,7,1,7,67.0,9104,1.51,123,monthly issuance,1993/07/24,female,53,20,45,989198.2,14.6,73224.0,292145766.63951683,15218.433846153843,18894.43045487609,1100.0,119900.1,53379.127692307724,1,1994
196080,1,0,0.0,87419,21,11,4,3,9,85.5,8624,1.79,102,monthly issuance,1993/10/03,male,63,20,27,492207.4,14.6,46888.0,89982139.48231727,10472.497872340426,12892.04336582451,900.0,97457.4,49143.96595744681,1,1994
76908,-1,0,0.0,149893,63,29,6,2,6,67.4,9753,4.64,109,monthly issuance,1993/01/26,female,75,42,60,1318706.9000000004,14.6,52200.0,127465131.74337025,12928.499019607845,13878.461365467403,1100.0,126002.8,52890.40392156865,1,1994
63312,1,0,0.0,51313,34,12,3,1,4,59.2,8930,3.52,108,monthly issuance,1993/04/19,female,65,35,47,164921.0,14.6,10500.0,-634315.970075279,2011.2317073170734,1985.063059102119,500.0,31462.9,22551.77926829271,1,1994
25944,1,0,0.0,118650,8,8,5,1,3,85.6,9832,3.32,114,monthly issuance,1993/09/08,female,61,19,18,396075.8,14.6,36289.5,-2197298.109241739,10704.751351351351,11843.284039151133,600.0,80155.2,56927.45405405403,1,1994
104808,1,0,0.0,125832,151,41,2,3,5,48.3,8512,3.51,102,monthly issuance,1993/11/26,female,76,12,18,199276.59999999998,14.6,25970.0,26176921.0655862,6642.553333333333,7504.299349900664,500.0,57865.3,38709.829999999994,2,1994
208320,1,0,0.0,51313,34,12,3,1,4,59.2,8930,3.52,108,weekly issuance,1993/02/07,male,61,33,52,801927.2000000001,30.0,39060.0,82495587.1507605,9434.437647058825,10975.441200514299,200.0,82981.9,43944.88941176475,2,1994
151560,1,0,0.0,125832,151,41,2,3,5,48.3,8512,3.51,102,monthly issuance,1993/11/21,male,68,13,15,474195.49999999994,14.6,56835.0,204653321.58743387,16935.55357142857,16721.85853963657,300.0,97912.7,53976.29285714283,1,1994
52128,1,0,0.0,75637,35,36,9,0,7,36.5,9622,0.45,154,monthly issuance,1993/09/13,female,62,39,32,428252.5,0.1,44473.0,30898429.958792754,6031.725352112675,10259.061556938937,144.2,59944.2,33459.68028169013,1,1994
300204,1,0,0.0,161954,21,37,20,3,8,48.0,8720,3.73,116,monthly issuance,1993/06/05,male,57,27,44,467046.39999999997,14.6,28365.0,29475180.912446685,6578.118309859154,7454.630997618861,300.0,57676.7,34084.4605633803,1,1994
77640,1,0,0.0,67298,71,19,10,0,7,43.8,8561,0.65,110,weekly issuance,1993/07/07,male,54,22,38,795347.9,30.0,58227.0,152672339.19238135,13255.798333333332,15291.831141145887,700.0,117489.5,55570.30499999995,1,1994
87216,-1,0,0.0,58796,22,16,7,1,5,51.9,9045,3.13,124,monthly issuance,1993/11/26,male,57,21,12,133365.5,14.6,16356.0,9434066.293248106,4041.378787878787,4832.336533368045,200.0,41410.0,28362.24848484848,1,1994
87360,1,0,0.0,85852,41,23,4,2,4,59.8,8965,7.08,104,monthly issuance,1993/07/21,male,59,16,14,244368.4,14.6,49341.0,96108461.92413792,8145.613333333334,12267.28820936152,200.0,69174.6,36783.95,1,1994
69360,1,0,0.0,112709,48,20,7,3,10,73.5,8369,1.79,117,monthly issuance,1993/03/19,male,80,31,47,370357.1,14.6,17782.0,18429240.999558773,4748.167948717948,5349.454357161017,1100.0,52365.0,33857.10641025642,1,1994
288360,1,0,0.0,1204953,0,0,0,1,1,100.0,12541,0.29,167,issuance after transaction,1994/02/27,male,86,8,2,85850.40000000001,8.7,27116.0,75704126.544,8585.039999999999,10828.034868104593,800.0,58495.8,33211.759999999995,1,1994
174744,-1,0,0.0,95616,65,30,4,1,6,51.4,9307,3.85,118,monthly issuance,1993/03/22,female,43,38,80,870324.1000000002,0.2,46739.0,109720625.27626032,7375.6279661016915,10210.527128894719,-1369.2,96659.4,26252.81440677967,1,1994
239460,1,0,0.0,228848,15,40,18,2,6,57.2,9893,4.09,96,monthly issuance,1993/09/22,female,79,18,28,445725.29999999993,14.6,35918.0,85224816.96871981,9689.680434782607,10538.504883302301,300.0,74408.8,40061.58043478263,1,1994
91584,1,0,0.0,133777,24,17,7,3,11,84.7,8705,5.75,116,monthly issuance,1993/11/26,female,70,14,17,465087.39999999997,14.6,47906.0,161196173.16701075,15002.819354838708,15132.82127814505,1000.0,83039.4,50765.41612903225,1,1994
244560,1,0,0.0,109164,98,16,6,1,4,63.6,8757,3.38,96,monthly issuance,1993/10/14,female,54,18,24,427095.69999999995,14.6,36680.0,114169827.73087108,10168.945238095237,11057.87073951428,1000.0,72512.5,38426.728571428575,1,1994
4980,1,0,0.0,86513,38,36,5,1,5,50.5,8288,3.79,110,monthly issuance,1993/11/05,female,69,19,27,180895.2,14.6,16000.0,2223367.0321256034,3932.5043478260877,4852.867163598879,800.0,41106.2,30533.37173913044,1,1994
111384,1,0,0.0,75637,35,36,9,0,7,36.5,9622,0.45,154,monthly issuance,1993/03/20,male,54,55,97,2055803.5999999999,14.6,61700.0,114297673.81816138,13525.02368421053,15792.305188520842,500.0,141386.0,65097.22434210526,1,1994
276660,-1,0,0.0,124605,11,42,14,1,8,46.0,8772,4.69,126,monthly issuance,1993/08/28,male,72,30,28,202958.59999999998,9.5,11600.0,-1011550.6693708404,3499.286206896553,3063.870045939107,500.0,32720.4,19256.89482758621,1,1994
39576,1,0,0.0,105058,32,19,7,2,10,81.0,9272,2.8,118,monthly issuance,1993/02/04,female,41,53,62,951657.6,14.6,49603.0,82868736.52765673,8275.283478260868,12121.786317067896,300.0,103467.2,48944.827826086956,1,1994
173808,1,0,0.0,148545,8,35,12,3,4,53.5,8909,4.01,113,issuance after transaction,1993/06/23,male,71,26,49,1304743.9000000001,43.3,74522.0,361400439.40303427,17396.585333333336,19855.040116961067,1000.0,134416.6,61218.658666666684,2,1994
50460,1,0,0.0,75637,35,36,9,0,7,36.5,9622,0.45,154,monthly issuance,1993/10/20,female,74,19,24,274897.8,14.6,22927.5,30487248.241511628,6392.972093023257,6840.641641943273,800.0,51971.4,37570.627906976755,1,1994
252060,-1,0,0.0,110643,49,41,4,1,4,51.9,8441,3.45,115,monthly issuance,1993/11/29,female,56,26,35,709132.5,8.2,49937.0,80184950.30380873,11625.122950819672,11797.011016092076,900.0,106259.6,57340.50819672131,1,1994
143904,1,0,0.0,102609,75,33,2,3,6,52.0,8187,4.83,94,monthly issuance,1993/02/20,male,70,47,92,1278002.2999999998,6.7,60500.0,118450539.82770304,9194.261151079138,12698.676389421948,700.0,134571.2,49727.45611510793,1,1994
208128,-1,0,0.0,387570,0,0,0,1,1,100.0,9897,1.6,140,monthly issuance,1993/05/11,male,70,29,35,604298.2,14.6,47493.0,124108122.63055554,9442.159375,12749.278280024244,-1069.7,96064.0,36369.97499999999,1,1994
131292,1,0,0.0,1204953,0,0,0,1,1,100.0,12541,0.29,167,weekly issuance,1993/05/29,male,67,29,54,656993.4,12.1,32823.0,57534322.86075521,7915.583132530121,8963.527117970363,1000.0,70288.4,36635.11566265061,1,1994
74736,1,0,0.0,77917,85,19,6,1,5,53.5,8390,2.28,132,monthly issuance,1993/06/26,male,56,26,41,548861.5,14.6,30918.0,51627370.41009497,8191.962686567161,8752.215172203909,700.0,62084.0,37912.998507462675,1,1994
299088,-1,0,0.0,106054,38,25,6,2,6,63.1,8110,5.77,109,monthly issuance,1993/06/06,female,55,46,80,1606069.9000000004,14.6,59400.0,259567943.4061047,12746.586507936514,14604.929849189164,500.0,193909.9,51992.854761904746,1,1994
189300,1,0,0.0,109164,98,16,6,1,4,63.6,8757,3.38,96,monthly issuance,1993/06/16,male,68,42,60,521678.8,14.6,28413.0,33233862.50105222,5114.498039215686,7367.507477302954,800.0,61043.3,32354.031372549012,1,1994
14628,1,0,0.0,157042,49,70,18,0,9,33.9,8743,1.88,111,monthly issuance,1993/07/01,female,72,29,73,417489.6,2.0,23230.5,15621221.330576587,4093.035294117646,5817.9322151371025,200.0,52184.7,32788.14215686272,1,1994
120888,1,0,0.0,1204953,0,0,0,1,1,100.0,12541,0.29,167,weekly issuance,1993/03/27,female,77,36,60,892904.6,30.0,49200.0,147563497.26521268,9301.089583333334,12837.16620870803,600.0,116468.4,40838.75520833332,1,1994
172080,1,0,0.0,92084,55,29,4,3,5,46.7,10124,0.56,141,monthly issuance,1994/01/21,female,64,25,17,477488.3,14.6,45518.0,72895647.63839722,11368.769047619046,13061.29143535441,200.0,119138.8,60743.95714285715,1,1994
323472,1,0,0.0,1204953,0,0,0,1,1,100.0,12541,0.29,167,monthly issuance,1993/06/21,female,81,28,29,708054.8999999999,14.6,44802.0,162771826.4531015,12422.015789473682,13186.519158917423,200.0,119934.1,45414.07368421048,1,1994
74688,1,0,0.0,87419,21,11,4,3,9,85.5,8624,1.79,102,monthly issuance,1993/04/02,male,71,49,63,1293767.6,14.6,56019.0,119833410.16810487,11551.496428571432,14678.192726356307,1100.0,104902.4,48484.62410714285,2,1994
45768,1,0,0.0,226122,32,50,7,4,4,62.6,8994,3.8,110,weekly issuance,1993/11/22,female,44,22,5,152427.6,24.2,36574.0,83118065.7467949,5645.466666666667,9022.08898221897,800.0,78327.5,32555.81851851852,1,1994
224604,1,0,0.0,51313,34,12,3,1,4,59.2,8930,3.52,108,monthly issuance,1993/03/24,female,42,34,59,1352015.7000000002,14.6,56152.0,190273721.36753505,14537.80322580645,15921.879127869597,200.0,109178.4,57496.98924731188,2,1994
79632,1,0,0.0,125832,151,41,2,3,5,48.3,8512,3.51,102,monthly issuance,1994/04/08,female,62,10,6,399178.5,112.5,66165.0,296091462.674,24948.65625,23490.91145170741,900.0,119373.5,63494.200000000004,1,1994
121896,1,0,0.0,157042,49,70,18,0,9,33.9,8743,1.88,111,monthly issuance,1993/04/28,male,56,39,54,1230422.0,14.6,64900.0,166694863.61014375,13230.344086021503,14728.300633566289,600.0,133454.9,54422.59677419359,1,1994
82896,1,0,0.0,75685,31,28,5,1,9,60.8,8208,1.89,155,monthly issuance,1993/05/08,female,46,34,92,1356513.2,14.6,62168.0,102280647.5570933,10765.97777777778,15166.451673985663,900.0,107680.9,57141.73095238091,2,1994
23628,1,0,0.0,85852,41,23,4,2,4,59.8,8965,7.08,104,monthly issuance,1993/03/12,male,67,49,61,1090724.0,1.7,43694.0,114113553.63005003,9915.672727272728,11189.30945193563,1000.0,140228.7,47420.84181818185,1,1994
209184,1,0,0.0,1204953,0,0,0,1,1,100.0,12541,0.29,167,monthly issuance,1993/08/16,male,68,26,42,981798.3999999999,14.6,61800.0,200921567.4796752,14438.211764705879,16124.327126523549,1000.0,110583.8,46230.339705882405,1,1994
41904,1,0,0.0,285387,0,2,8,5,7,89.9,10177,6.63,81,monthly issuance,1993/01/24,male,47,63,80,961088.8,0.8,51700.0,123983421.69282626,6720.900699300696,11103.83895324709,900.0,129123.0,36080.386713286716,1,1994
87816,1,0,0.0,1204953,0,0,0,1,1,100.0,12541,0.29,167,monthly issuance,1993/06/07,female,55,41,43,381267.6,14.6,14886.0,13432029.883614458,4538.900000000001,4042.946966326683,800.0,43442.2,25533.2142857143,2,1994
23052,1,0,0.0,387570,0,0,0,1,1,100.0,9897,1.6,140,monthly issuance,1993/01/19,male,75,48,123,618733.7999999999,14.6,24000.0,14537663.30619195,3618.326315789472,5017.807679989562,700.0,54321.8,23771.96608187134,2,1994
189696,-1,0,0.0,110643,49,41,4,1,4,51.9,8441,3.45,115,monthly issuance,1994/05/17,female,51,5,0,22500.0,600.0,11500.0,2812500.0,4500.0,4623.310502226733,600.0,22500.0,14900.0,1,1994
230220,-1,0,0.0,323870,0,0,0,1,1,100.0,10673,4.75,100,monthly issuance,1993/10/08,female,79,38,44,589485.8999999999,4.9,59800.0,190990746.97472146,7188.8524390243865,11907.150170092851,-2719.7,130801.0,27658.487804878067,1,1994
71460,1,0,0.0,157042,49,70,18,0,9,33.9,8743,1.88,111,monthly issuance,1993/11/08,female,78,20,23,448637.9,14.6,48487.0,63786261.081395335,10433.439534883719,11419.52812902487,200.0,82549.0,47991.530232558136,2,1994
141240,1,0,0.0,102609,75,33,2,3,6,52.0,8187,4.83,94,monthly issuance,1993/09/07,male,59,27,75,953025.3,14.6,52968.0,72094690.42605712,9343.385294117643,13062.53111329581,1000.0,107784.1,57219.574509803846,1,1994
11736,1,0,0.0,1204953,0,0,0,1,1,100.0,12541,0.29,167,monthly issuance,1993/04/22,male,83,36,97,802368.2,14.6,33098.0,45753445.60290329,6032.843609022554,8325.122553592006,1100.0,70826.8,42224.43909774438,1,1994
192744,1,0,0.0,110643,49,41,4,1,4,51.9,8441,3.45,115,monthly issuance,1993/06/02,male,42,33,43,580937.0999999999,8.8,47700.0,120432012.01308422,7643.909210526313,10829.95100315389,700.0,121508.1,37265.65526315789,2,1994
227880,1,0,0.0,197099,29,41,10,2,10,74.7,9624,1.6,145,monthly issuance,1993/09/25,male,68,45,38,677013.9,14.6,64600.0,208021117.06183952,8156.793975903611,12748.96086882062,1100.0,153213.7,45134.72168674696,2,1994
17508,1,0,0.0,107870,84,29,6,1,6,58.0,8754,3.83,137,monthly issuance,1993/08/01,male,75,31,41,348679.1,14.6,17580.0,11081945.489931537,4842.7652777777785,5339.696546401361,900.0,54432.3,39290.618055555555,1,1994
98184,1,0,0.0,114200,101,41,4,1,4,43.7,8403,5.74,105,monthly issuance,1994/07/09,female,76,11,3,130356.20000000001,74.1,24545.0,69051953.29659341,9311.157142857142,11275.937707328841,500.0,68956.1,41660.392857142855,1,1994
170256,1,0,0.0,93931,74,21,10,1,8,56.9,8427,1.12,107,monthly issuance,1993/08/08,female,56,31,46,699885.7,14.6,36552.0,82505575.64357997,9089.424675324672,10042.315004482358,200.0,79869.8,40091.18311688309,1,1994
83016,1,0,0.0,161954,21,37,20,3,8,48.0,8720,3.73,116,monthly issuance,1993/02/08,male,42,67,129,2629253.1000000006,14.6,64400.0,124088595.88117556,13414.556632653064,14813.172056590744,700.0,136436.6,67891.93520408162,1,1994
61056,1,0,0.0,161954,21,37,20,3,8,48.0,8720,3.73,116,monthly issuance,1993/11/21,female,64,23,41,361365.7,14.6,24372.0,26275847.58176339,5646.339062499999,6783.255216131859,900.0,55816.0,36039.05156249998,1,1994
123696,1,0,0.0,124605,11,42,14,1,8,46.0,8772,4.69,126,monthly issuance,1993/12/02,male,81,22,39,546146.3999999999,14.6,48476.0,96770842.20252731,8953.219672131147,12421.023954674853,300.0,89822.2,49084.381967213114,1,1994
59760,1,0,0.0,323870,0,0,0,1,1,100.0,10673,4.75,100,monthly issuance,1993/12/27,female,57,22,32,447938.39999999997,14.6,34557.0,40181326.233689725,8295.155555555553,9473.174770693331,300.0,69643.1,40204.4648148148,2,1994
48672,1,0,0.0,157042,49,70,18,0,9,33.9,8743,1.88,111,monthly issuance,1993/09/17,male,73,34,63,153016.9,14.6,12100.0,122813.06431056684,1577.4938144329901,2134.8633422215444,300.0,33484.4,23050.189690721647,2,1994
140400,1,0,0.0,323870,0,0,0,1,1,100.0,10673,4.75,100,monthly issuance,1993/10/10,male,80,22,23,494617.7,14.6,63200.0,172337496.92604548,10991.504444444443,15888.232250644956,400.0,115000.2,43563.61999999999,1,1994
192552,-1,0,0.0,70646,94,14,3,1,4,58.4,8547,2.65,120,weekly issuance,1993/08/29,female,58,26,25,294495.4,10.2,23844.0,22335868.966364704,5774.419607843138,6781.366772355544,800.0,49563.0,23979.01176470588,1,1994
164052,-1,0,0.0,51313,34,12,3,1,4,59.2,8930,3.52,108,issuance after transaction,1993/11/17,female,46,28,37,767602.1000000001,0.4,48181.0,168833923.34933895,11809.263076923078,13989.46840529253,-2564.7,112045.6,41752.16153846152,1,1994
205200,1,0,0.0,1204953,0,0,0,1,1,100.0,12541,0.29,167,weekly issuance,1993/06/11,female,58,36,93,1192502.0999999999,30.0,51303.0,68114580.47309773,9244.202325581395,12021.944876821002,900.0,93928.5,58336.31162790698,1,1994
51408,1,0,0.0,45714,52,10,5,1,6,55.6,8843,2.82,113,monthly issuance,1993/11/16,male,72,31,33,858292.5,14.6,57700.0,237605412.04235366,13410.820312499998,15418.785505877157,900.0,137087.2,52299.285937499975,1,1994
199680,1,0,0.0,139012,59,41,8,3,10,61.9,8363,2.52,108,monthly issuance,1993/10/25,male,72,28,46,544161.0,14.6,29954.0,45058380.56814883,7353.527027027026,8335.628568689344,500.0,62238.8,33658.61756756758,1,1994
482940,-1,0,0.0,1204953,0,0,0,1,1,100.0,12541,0.29,167,monthly issuance,1993/08/29,female,45,56,74,527888.5,7.8,21056.0,17854694.465244483,4060.6807692307675,5196.212009001896,900.0,57707.2,26358.7546153846,1,1994
36684,1,0,0.0,285387,0,2,8,5,7,89.9,10177,6.63,81,monthly issuance,1993/03/29,female,43,50,75,596080.3999999999,8.3,24480.0,15432602.24663677,4768.643199999998,5139.132681207422,700.0,50774.2,30229.797600000005,1,1994
398640,1,0,0.0,323870,0,0,0,1,1,100.0,10673,4.75,100,weekly issuance,1993/07/26,female,61,34,52,1423554.7999999998,30.0,59793.0,224761829.11508074,16552.96279069768,18029.512959615746,400.0,121689.5,63383.57558139535,1,1994
100980,1,0,0.0,387570,0,0,0,1,1,100.0,9897,1.6,140,monthly issuance,1993/12/01,male,56,27,43,368273.39999999997,14.6,22900.0,18702994.06680331,5261.0485714285705,6252.813291787502,600.0,53376.7,35614.74428571429,1,1994
31248,1,0,0.0,1204953,0,0,0,1,1,100.0,12541,0.29,167,monthly issuance,1993/05/30,female,82,51,69,1661455.0,14.6,64100.0,186772646.70088935,13845.45833333334,15374.68479811129,1000.0,144715.3,64493.09916666662,1,1994
115992,1,0,0.0,51313,34,12,3,1,4,59.2,8930,3.52,108,weekly issuance,1993/04/17,male,84,46,81,789225.5,5.4,60600.0,87484550.11193162,6214.3740157480315,9741.388357890277,200.0,107692.0,25666.40708661417,1,1994
76380,1,0,0.0,1204953,0,0,0,1,1,100.0,12541,0.29,167,monthly issuance,1994/05/01,female,64,20,25,160721.6,14.6,12861.0,8137768.8922626255,3571.5911111111113,3690.905941747674,1100.0,41703.3,26122.848888888897,1,1995
288468,1,0,0.0,86513,38,36,5,1,5,50.5,8288,3.79,110,monthly issuance,1994/08/29,female,63,14,3,142840.5,6.4,30950.0,92283385.30481619,8402.382352941177,10797.212071076225,600.0,71939.2,36999.52352941177,1,1995
177744,-1,0,0.0,108871,41,29,7,2,6,62.1,8444,3.24,106,monthly issuance,1993/08/10,male,49,36,59,639054.4,3.3,45056.0,61287511.65774245,6726.888421052629,8644.836154260727,-2485.5,89733.5,26746.5252631579,1,1995
270648,-1,0,0.0,1204953,0,0,0,1,1,100.0,12541,0.29,167,weekly issuance,1994/03/07,male,84,36,36,933016.6000000001,30.0,52700.0,187510895.93195224,12958.563888888888,15907.696653385816,200.0,134501.4,60819.976388888885,1,1995
48624,1,0,0.0,128118,9,16,6,3,8,85.3,9317,6.49,97,monthly issuance,1993/08/05,male,60,49,68,1425152.2000000002,14.6,52900.0,141608386.66785732,12180.788034188035,13769.747927206989,200.0,134187.4,63857.2367521368,1,1995
76416,1,0,0.0,1204953,0,0,0,1,1,100.0,12541,0.29,167,monthly issuance,1993/03/13,female,87,57,96,998682.6000000001,14.6,28659.0,16214503.881075848,6527.337254901959,7187.344549036414,8686.4,64494.1,31375.160784313728,2,1995
137880,-1,0,0.0,226122,32,50,7,4,4,62.6,8994,3.8,110,weekly issuance,1993/09/15,male,58,38,51,536138.9,30.0,20848.0,19534619.17691139,6024.032584269662,6081.063234369748,200.0,52658.4,24523.07303370786,1,1995
347952,1,0,0.0,45714,52,10,5,1,6,55.6,8843,2.82,113,monthly issuance,1993/03/30,female,57,50,70,1612971.4000000001,14.6,54600.0,137747871.39462045,13441.428333333335,14008.318072651287,300.0,123013.2,54157.19416666667,1,1995
68112,1,0,0.0,88768,10,18,5,1,7,80.5,8867,1.02,130,monthly issuance,1993/08/04,female,44,37,110,1455075.9,14.6,57164.0,86761207.66700307,9898.475510204082,13854.433323810714,300.0,111588.8,47220.13401360543,1,1995
95808,1,0,0.0,161854,73,21,6,1,6,76.3,9425,1.72,125,monthly issuance,1993/11/27,male,81,40,50,1445282.5,14.6,57700.0,172116183.95307112,16058.694444444449,15060.067136870523,900.0,122452.2,59701.78666666667,1,1995
20832,1,0,0.0,85852,41,23,4,2,4,59.8,8965,7.08,104,monthly issuance,1993/08/01,male,73,47,104,377359.3,14.6,19700.0,4697984.6622512145,2499.068211920529,3466.849228571881,500.0,41997.9,21368.909933774863,1,1995
316140,-1,0,0.0,1204953,0,0,0,1,1,100.0,12541,0.29,167,monthly issuance,1993/03/24,male,53,60,79,538217.5,14.6,13352.0,6404859.167672296,3872.0683453237402,3593.3390633313725,800.0,39616.2,18632.933812949643,1,1995
43164,1,0,0.0,117897,139,28,5,1,6,53.8,8814,4.76,107,monthly issuance,1994/02/08,female,45,26,43,978989.7,14.6,57680.0,101900583.17546034,14188.256521739127,16353.863389852693,800.0,120071.4,68377.06376811591,1,1995
221280,1,0,0.0,323870,0,0,0,1,1,100.0,10673,4.75,100,weekly issuance,1994/01/15,female,57,25,46,844296.6,30.0,50178.0,172054961.4073823,11891.501408450704,13440.954839173895,1100.0,106144.8,37596.93239436623,2,1995
151728,-1,0,0.0,323870,0,0,0,1,1,100.0,10673,4.75,100,monthly issuance,1994/05/16,male,45,28,29,472510.9,0.8,48906.0,103523111.90493734,8289.664912280701,11105.905784914152,-669.7,82784.6,30491.098245614015,1,1995
79920,1,0,0.0,170449,0,0,0,1,1,100.0,10787,2.64,131,monthly issuance,1993/11/26,male,68,29,66,732203.6000000001,14.6,36634.5,54540413.05588579,7707.4063157894725,10115.937494914817,700.0,74199.5,43846.97789473684,1,1995
538500,1,0,0.0,95616,65,30,4,1,6,51.4,9307,3.85,118,monthly issuance,1994/03/18,male,61,22,36,492996.2,14.6,32082.0,79034199.02759224,8499.93448275862,9031.132406245684,200.0,69775.9,33687.85862068966,1,1995
97224,1,0,0.0,74062,99,15,4,2,7,61.4,8114,2.38,119,monthly issuance,1993/09/10,male,71,42,70,441080.0,14.6,16257.0,17943751.90307593,3938.214285714286,4066.959866601935,1000.0,43393.0,22360.53660714285,2,1995
28248,1,0,0.0,162580,83,26,5,1,6,72.8,9538,1.51,111,monthly issuance,1993/08/24,female,51,38,56,762498.0000000001,14.6,30055.5,49295597.971269734,8111.6808510638275,9581.889557824124,400.0,69893.0,45582.44893617021,1,1995
168984,-1,0,0.0,1204953,0,0,0,1,1,100.0,12541,0.29,167,monthly issuance,1993/08/10,male,45,74,86,1817181.9000000001,2.5,55200.0,112727249.37701102,11357.386875000004,14217.840422538504,-517.7,120806.4,56053.99750000008,1,1995
76680,1,0,0.0,228848,15,40,18,2,6,57.2,9893,4.09,96,monthly issuance,1993/09/12,female,67,53,90,1412483.1,14.6,57554.0,65073346.71412048,9877.504195804198,13960.813713874399,1000.0,104676.1,62933.4748251748,2,1995
331560,1,0,0.0,88884,80,26,6,2,5,46.7,8507,1.67,132,monthly issuance,1993/08/21,female,39,40,79,871260.7999999999,14.6,33276.0,50531891.95986327,7321.519327731091,8600.083043472501,900.0,71924.6,36941.99831932773,2,1995
103680,-1,0,0.0,95907,87,25,5,2,7,59.1,8388,2.41,87,monthly issuance,1993/07/20,male,50,44,65,424705.69999999995,14.6,14422.5,11424164.302753992,3896.3825688073384,4349.59797077598,500.0,46520.1,28250.10917431192,1,1995
99696,-1,0,0.0,114200,101,41,4,1,4,43.7,8403,5.74,105,monthly issuance,1993/06/08,female,50,45,63,1265412.2000000002,0.4,55900.0,132207878.94874524,11716.779629629631,14212.581731327866,-974.6,127684.9,46341.29351851856,1,1995
134784,1,0,0.0,285387,0,2,8,5,7,89.9,10177,6.63,81,monthly issuance,1994/06/04,female,81,30,25,513129.8999999999,12.2,58800.0,157738235.13955215,9329.634545454544,13721.584769303869,900.0,112839.2,44005.11272727274,1,1995
15420,1,0,0.0,1204953,0,0,0,1,1,100.0,12541,0.29,167,monthly issuance,1993/05/23,female,56,53,98,474469.8,14.6,13881.0,1897034.070933333,3142.1841059602634,3552.6526836171815,1000.0,41137.4,24577.200000000033,1,1995
31728,1,0,0.0,1204953,0,0,0,1,1,100.0,12541,0.29,167,monthly issuance,1993/09/05,female,71,41,76,605251.7,14.6,22267.5,12758789.01437813,5173.091452991451,5966.7127870113645,600.0,56122.8,31139.747863247834,2,1995
185952,1,0,0.0,125236,28,11,1,4,5,87.7,9675,6.43,100,monthly issuance,1994/03/19,male,76,20,14,417635.1,68.7,57400.0,281865330.2550624,12283.385294117646,15880.145513895786,700.0,145318.2,50113.19411764706,1,1995
156672,1,0,0.0,72541,66,26,10,0,8,36.9,8594,1.62,112,monthly issuance,1994/02/25,female,65,37,38,248502.30000000002,11.2,10380.0,1162173.103610811,3313.364,2959.280852497234,500.0,41876.9,22927.502666666693,1,1995
18564,1,0,0.0,1204953,0,0,0,1,1,100.0,12541,0.29,167,monthly issuance,1994/11/25,female,58,9,4,111665.7,24.0,25603.5,52941544.70987181,8589.66923076923,8988.622298623282,200.0,56498.4,35538.04615384616,1,1995
158976,1,0,0.0,139012,59,41,8,3,10,61.9,8363,2.52,108,monthly issuance,1993/11/03,male,82,52,104,1337462.4000000001,14.6,48358.0,119044424.57043673,8573.476923076925,11047.203080510686,600.0,130293.2,49916.091025641086,1,1995
47304,1,0,0.0,197099,29,41,10,2,10,74.7,9624,1.6,145,monthly issuance,1993/11/10,male,50,76,91,2315930.4000000004,14.6,59900.0,136408917.49824002,13867.846706586832,15898.237073611943,400.0,148093.0,68740.02335329348,1,1995
104712,1,0,0.0,323870,0,0,0,1,1,100.0,10673,4.75,100,monthly issuance,1993/05/20,male,77,72,119,2288239.7,14.6,56400.0,208232420.58845106,11980.312565445032,14364.412594887313,400.0,147603.2,57357.84345549748,1,1995
126600,1,0,0.0,162580,83,26,5,1,6,72.8,9538,1.51,111,monthly issuance,1993/05/20,male,82,46,86,1542286.4000000001,14.6,47472.0,129860348.76411517,11683.987878787882,13027.081046792453,400.0,94043.3,47118.99318181818,1,1995
68400,-1,0,0.0,228848,15,40,18,2,6,57.2,9893,4.09,96,monthly issuance,1994/10/30,female,45,9,5,101546.2,66.2,31037.0,47754403.66538461,7253.299999999998,9306.82957940028,800.0,51242.2,31793.735714285714,1,1995
225420,1,0,0.0,117897,139,28,5,1,6,53.8,8814,4.76,107,monthly issuance,1994/06/17,female,73,22,29,278069.5,14.6,20727.0,27806683.78029804,5452.343137254903,5689.8715150082235,200.0,53271.6,31185.156862745098,1,1995
248148,1,0,0.0,72541,66,26,10,0,8,36.9,8594,1.62,112,monthly issuance,1993/12/11,female,81,37,83,654403.8,14.6,28960.0,22626755.20992437,5453.364999999996,7163.262659678045,600.0,67486.0,36063.78833333336,1,1995
187224,-1,0,0.0,1204953,0,0,0,1,1,100.0,12541,0.29,167,monthly issuance,1993/12/13,male,74,38,50,953455.0,0.2,51900.0,69479464.21085161,10834.715909090908,13396.172197189588,-243.3,92571.3,42084.311363636334,1,1995
36396,1,0,0.0,127369,31,32,13,2,7,51.2,8369,4.73,107,weekly issuance,1993/07/06,male,49,56,102,1853472.7,30.0,51700.0,158286509.7686669,11730.83987341772,14169.09453544535,800.0,125887.5,57977.03481012657,1,1995
189060,1,0,0.0,149893,63,29,6,2,6,67.4,9753,4.64,109,issuance after transaction,1994/11/02,female,63,14,16,535003.5,100.0,60016.0,51010149.014655136,17833.45,18365.54032581503,200.0,101793.6,72242.8966666667,1,1995
71064,1,0,0.0,85852,41,23,4,2,4,59.8,8965,7.08,104,monthly issuance,1994/04/21,female,75,29,57,421094.5,14.6,22908.0,23042460.40353488,4896.447674418605,5908.168598409308,700.0,55373.3,34577.30232558138,1,1995
87216,1,0,0.0,1204953,0,0,0,1,1,100.0,12541,0.29,167,monthly issuance,1993/09/21,female,67,41,107,438183.30000000005,14.6,15608.0,8077094.853842159,2960.6979729729724,3810.4163669409736,700.0,43787.3,30847.149324324353,1,1995
158760,1,0,0.0,78955,50,24,8,1,9,59.0,9060,1.78,124,monthly issuance,1993/07/27,male,43,55,111,772578.8,14.6,23810.0,12061717.876791531,4654.089156626504,5919.120014592914,900.0,59898.4,24908.761445783133,1,1995
417060,1,0,0.0,45714,52,10,5,1,6,55.6,8843,2.82,113,monthly issuance,1993/11/20,male,63,41,33,783215.5000000001,14.6,52700.0,125381888.5845687,10583.993243243243,13221.566345908825,200.0,127508.6,58445.027027027056,2,1995
63360,1,0,0.0,75685,31,28,5,1,9,60.8,8208,1.89,155,monthly issuance,1993/09/06,female,59,49,70,378630.6,14.6,12138.0,4935826.067202677,3181.7697478991595,3298.4851046378444,700.0,40733.8,29108.363865546195,2,1995
29784,1,0,0.0,170449,0,0,0,1,1,100.0,10787,2.64,131,monthly issuance,1995/02/08,male,48,9,3,83320.20000000001,59.4,17241.0,41948379.85,6943.350000000001,5953.52364043956,200.0,49220.3,27626.08333333333,2,1995
139536,1,0,0.0,117897,139,28,5,1,6,53.8,8814,4.76,107,monthly issuance,1993/11/14,female,80,67,98,2384961.4000000004,12.2,53200.0,175727638.11920434,14454.311515151518,14738.935054260472,800.0,151546.9,63889.87393939401,1,1995
265320,1,0,0.0,121947,37,28,7,3,11,70.5,8541,2.51,131,monthly issuance,1993/09/18,male,71,64,84,789187.5,14.6,26409.0,33728351.53628791,5332.347972972972,6730.371534826184,700.0,61993.3,35566.88108108107,2,1995
198240,1,0,0.0,118650,8,8,5,1,3,85.6,9832,3.32,114,monthly issuance,1995/01/15,male,65,11,5,120750.2,43.0,19455.0,42452784.65191666,7546.887500000001,6388.8658227549795,300.0,51947.2,30953.143750000003,1,1995
60000,1,0,0.0,77917,85,19,6,1,5,53.5,8390,2.28,132,monthly issuance,1993/09/13,male,75,48,89,351794.69999999995,14.6,11049.0,6869997.336823205,2567.8445255474444,2858.4325897483127,400.0,39393.9,24643.283941605838,1,1995
465072,1,0,0.0,125832,151,41,2,3,5,48.3,8512,3.51,102,monthly issuance,1994/01/14,female,80,38,65,883692.1,14.6,42880.0,82337683.86309539,8579.53495145631,9881.895983472918,300.0,79557.6,27778.745631067963,2,1995
98592,1,0,0.0,92084,55,29,4,3,5,46.7,10124,0.56,141,issuance after transaction,1995/01/08,female,58,13,13,280991.9,68.7,36975.0,5492165.93850769,10807.380769230771,11368.516776326425,900.0,78713.7,54128.56538461536,1,1995
285600,1,0,0.0,95616,65,30,4,1,6,51.4,9307,3.85,118,weekly issuance,1994/11/15,male,40,24,25,510174.3,30.0,42729.0,136027794.37642008,10411.720408163264,11677.223002280616,1100.0,126077.1,49651.8918367347,2,1995
44088,1,0,0.0,81344,61,23,4,2,6,55.3,8899,3.39,149,monthly issuance,1994/12/08,female,70,17,15,211774.09999999998,14.6,24304.5,33605818.67340726,6617.940625,7524.390572551136,1000.0,55576.8,36548.818750000006,1,1995
20220,1,0,0.0,81344,61,23,4,2,6,55.3,8899,3.39,149,monthly issuance,1994/08/27,female,48,23,28,495508.6,14.6,49397.0,162912604.7494235,9715.854901960784,12645.751956310287,500.0,122906.7,41077.63529411765,1,1995
107640,1,0,0.0,88884,80,26,6,2,5,46.7,8507,1.67,132,monthly issuance,1995/02/13,female,62,12,11,402236.69999999995,14.6,53613.0,268923888.1774901,17488.552173913045,17646.241139194735,600.0,107783.7,50214.50434782608,1,1995
21396,1,0,0.0,58796,22,16,7,1,5,51.9,9045,3.13,124,monthly issuance,1994/06/04,female,46,34,44,362266.1,14.6,16048.0,6954802.702157842,4644.4371794871795,4837.268653191096,1000.0,46848.9,30812.946153846162,2,1995
33984,1,0,0.0,197099,29,41,10,2,10,74.7,9624,1.6,145,monthly issuance,1994/08/24,male,49,36,34,321870.10000000003,14.6,20196.0,18458986.283391304,4598.144285714286,6177.986560891913,600.0,55077.5,38587.76000000001,1,1995
45336,1,0,0.0,51428,50,11,3,1,4,52.7,8402,3.13,120,monthly issuance,1994/04/27,male,64,33,57,683480.9,14.6,30436.0,42045379.77972284,7594.23222222222,8452.877659938884,800.0,71486.0,48152.953333333375,1,1995
85860,1,0,0.0,88884,80,26,6,2,5,46.7,8507,1.67,132,monthly issuance,1994/06/29,female,66,47,49,324233.0,5.0,16713.0,5945418.092517542,3377.427083333332,4267.503685059406,1000.0,44713.5,30461.404166666678,1,1995
188688,1,0,0.0,197099,29,41,10,2,10,74.7,9624,1.6,145,monthly issuance,1995/04/02,female,56,12,10,239223.0,14.6,35378.0,94042145.20874457,10873.772727272726,11652.687583606004,400.0,71255.7,42203.17272727273,1,1995
309552,1,0,0.0,226122,32,50,7,4,4,62.6,8994,3.8,110,monthly issuance,1995/01/18,male,86,16,19,610015.1,14.6,58041.0,279496159.6679411,17429.002857142856,17249.72561255746,700.0,121713.2,56105.49999999996,1,1995
36168,1,0,0.0,1204953,0,0,0,1,1,100.0,12541,0.29,167,monthly issuance,1995/03/04,male,60,15,21,249538.4,14.6,27122.0,33479912.889047608,6931.622222222222,7543.7218236514345,300.0,63738.0,39063.76666666667,1,1995
314520,1,0,0.0,105606,77,26,7,2,7,53.0,8254,2.79,97,weekly issuance,1994/06/05,female,66,56,74,1971887.1,30.0,56700.0,156418024.25153488,15168.362307692307,15591.936909191116,500.0,128119.4,63527.42000000002,1,1995
21852,1,0,0.0,125236,28,11,1,4,5,87.7,9675,6.43,100,monthly issuance,1995/04/22,male,67,12,6,166180.5,14.6,27736.5,64035866.63382352,9232.249999999998,9622.094337956234,700.0,60863.2,38509.05,1,1995
266220,1,0,0.0,70646,94,14,3,1,4,58.4,8547,2.65,120,monthly issuance,1994/05/10,female,56,53,91,803704.5,14.6,33190.0,47146765.34440122,5581.281249999997,8132.153065850963,900.0,66744.4,34922.881249999984,1,1995
231696,1,0,0.0,1204953,0,0,0,1,1,100.0,12541,0.29,167,weekly issuance,1994/07/01,female,47,34,92,1346104.9,30.0,60566.0,160749029.92366666,10683.372222222222,14357.999950024452,800.0,108575.3,45873.61666666672,2,1995
260028,1,0,0.0,75637,35,36,9,0,7,36.5,9622,0.45,154,monthly issuance,1993/12/08,male,45,47,114,2014811.4999999998,14.6,65008.0,145692505.70223215,12514.357142857149,15539.996466279024,200.0,124900.7,50676.81987577646,1,1995
419880,1,0,0.0,1204953,0,0,0,1,1,100.0,12541,0.29,167,weekly issuance,1995/05/26,male,78,11,7,439676.5,39.0,64800.0,293386737.88745093,24426.472222222223,22749.02056507839,200.0,104039.9,59352.83333333334,2,1995
37908,1,0,0.0,145688,22,41,13,2,5,40.7,8544,1.29,109,monthly issuance,1994/07/28,female,45,31,45,568897.7,14.1,28431.0,46254323.380110525,7485.496052631577,8156.462519882677,800.0,69530.4,42164.027631578945,1,1995
73836,1,0,0.0,119895,17,4,3,2,4,89.9,10446,7.34,90,monthly issuance,1995/04/26,female,54,14,5,317453.10000000003,19.1,44281.0,309940291.02415204,16708.05789473684,15919.661477707225,900.0,129607.8,55315.16842105263,1,1995
41952,1,0,0.0,161854,73,21,6,1,6,76.3,9425,1.72,125,monthly issuance,1994/09/03,male,49,31,74,618492.8,14.6,31462.0,20253969.144513737,5890.407619047617,8048.949212542915,500.0,71527.0,41502.025714285715,1,1995
99336,1,0,0.0,228848,15,40,18,2,6,57.2,9893,4.09,96,monthly issuance,1994/12/09,female,41,24,28,226115.40000000002,14.6,16866.0,17546369.71528658,4348.373076923077,4545.705626197681,300.0,46568.0,27019.571153846144,1,1995
60156,-1,0,0.0,93931,74,21,10,1,8,56.9,8427,1.12,107,monthly issuance,1995/03/27,male,45,26,30,894447.7000000001,14.6,53600.0,222124618.46362337,15972.280357142854,16629.248188050748,400.0,159712.8,72667.63571428569,1,1995
182040,1,0,0.0,51428,50,11,3,1,4,52.7,8402,3.13,120,monthly issuance,1994/11/21,male,72,24,35,1034848.0,14.6,61557.0,200880194.6372472,17539.79661016949,19380.077104673546,600.0,110447.5,67475.90169491527,2,1995
244368,1,0,0.0,114200,101,41,4,1,4,43.7,8403,5.74,105,issuance after transaction,1994/07/22,male,51,64,80,2571714.3,100.0,57200.0,179392801.8363651,17859.127083333333,16593.038369456037,200.0,143453.3,75924.2409722223,1,1995
113796,1,0,0.0,387570,0,0,0,1,1,100.0,9897,1.6,140,issuance after transaction,1994/12/01,female,44,25,47,464634.1,100.0,28446.0,29501634.218417447,6453.251388888889,7747.196574663441,500.0,58022.1,36840.57361111111,2,1995
73056,1,0,0.0,119895,17,4,3,2,4,89.9,10446,7.34,90,monthly issuance,1995/02/06,female,44,23,28,124711.7,14.6,8538.0,-110554.07877254878,2445.3274509803928,2463.7691430877553,500.0,33555.4,23255.149019607838,2,1995
137904,-1,0,0.0,75637,35,36,9,0,7,36.5,9622,0.45,154,monthly issuance,1995/07/22,male,53,9,3,76359.8,29.4,11878.0,25864009.92924242,6363.316666666666,5156.205670986676,600.0,43259.7,26886.19166666667,1,1995
31176,1,0,0.0,1204953,0,0,0,1,1,100.0,12541,0.29,167,monthly issuance,1995/06/08,male,53,12,11,207628.30000000002,14.6,29418.0,10455003.396778667,9027.317391304348,9218.883576938062,700.0,65769.6,46304.15217391303,1,1995
217152,1,classic,951122.0,226122,32,50,7,4,4,62.6,8994,3.8,110,monthly issuance,1995/01/29,male,47,21,36,722006.6,4.4,54286.0,175418634.1710119,12666.78245614035,14230.107373843504,400.0,109774.3,49107.06666666669,1,1995
194880,1,0,0.0,323870,0,0,0,1,1,100.0,10673,4.75,100,monthly issuance,1994/06/01,male,42,37,76,925237.8,14.6,36536.0,66781212.662134945,8187.945132743361,9593.676518248058,300.0,71138.8,36421.42566371683,1,1995
27984,1,0,0.0,139012,59,41,8,3,10,61.9,8363,2.52,108,weekly issuance,1994/07/10,male,72,30,46,554008.4,30.0,47513.0,85843076.30741051,7289.584210526317,10118.511874184564,500.0,82352.4,30639.863157894713,1,1995
92976,1,0,0.0,51313,34,12,3,1,4,59.2,8930,3.52,108,weekly issuance,1994/05/22,male,44,50,59,1312301.9,30.0,48996.0,117492292.35553516,12039.466972477063,12340.685993283556,300.0,122342.1,50436.466055045865,2,1995
104712,1,0,0.0,51313,34,12,3,1,4,59.2,8930,3.52,108,weekly issuance,1994/05/22,male,44,50,58,1298123.3,30.0,48996.0,123277409.13227502,12019.660185185186,12231.304609128867,300.0,119752.3,52379.12870370369,2,1995
191880,1,0,0.0,103347,87,16,7,1,7,67.0,9104,1.51,123,monthly issuance,1995/03/15,male,72,35,52,1053896.7000000002,14.6,59200.0,167753269.59518847,12113.75517241379,14349.01798377788,400.0,128539.4,53685.78620689651,1,1995
232560,1,0,0.0,323870,0,0,0,1,1,100.0,10673,4.75,100,issuance after transaction,1995/07/05,female,51,14,13,352801.6,100.0,39741.0,37187237.83833335,13066.725925925924,13775.513372915688,600.0,102665.9,63188.63333333334,1,1995
204000,1,0,0.0,77917,85,19,6,1,5,53.5,8390,2.28,132,monthly issuance,1994/12/17,male,77,25,40,500629.19999999995,14.6,30604.0,56180643.06044953,7701.987692307691,8253.16283771159,400.0,68172.8,37809.39846153843,1,1995
125340,1,0,0.0,1204953,0,0,0,1,1,100.0,12541,0.29,167,weekly issuance,1994/09/05,male,77,57,70,1230207.4,30.0,49974.0,109859328.94559614,9686.67244094488,12382.23956408249,500.0,110933.4,51145.51574803151,1,1995
309600,1,0,0.0,226122,32,50,7,4,4,62.6,8994,3.8,110,weekly issuance,1995/01/17,male,46,22,34,898554.0,30.0,58052.0,209541628.95644155,16045.607142857141,16733.061607551976,400.0,112363.1,58185.589285714275,1,1995
189696,1,0,0.0,51428,50,11,3,1,4,52.7,8402,3.13,120,weekly issuance,1995/04/09,female,77,30,59,1030886.2000000001,30.0,57600.0,147620873.93391472,11582.991011235956,15277.749243557084,700.0,125386.9,54137.10561797752,2,1996
135360,1,junior,951024.0,102609,75,33,2,3,6,52.0,8187,4.83,94,monthly issuance,1995/01/03,male,46,32,45,1151811.8,14.6,48633.0,210337543.2384962,14958.594805194805,15929.17611027256,200.0,146479.5,64881.31428571429,1,1996
98832,1,0,0.0,95907,87,25,5,2,7,59.1,8388,2.41,87,monthly issuance,1994/02/06,female,51,50,127,775630.7,14.6,23282.0,11373423.031581601,4382.094350282484,5958.474141436919,500.0,63095.4,31814.268361581904,1,1996
20352,1,0,0.0,109164,98,16,6,1,4,63.6,8757,3.38,96,monthly issuance,1995/04/03,male,69,22,26,173267.59999999998,14.6,12549.0,3882915.591719857,3609.741666666668,3792.804992088861,400.0,44427.9,31814.41458333332,2,1996
165120,1,0,0.0,121947,37,28,7,3,11,70.5,8541,2.51,131,monthly issuance,1994/05/21,male,68,50,66,373203.39999999997,14.6,11210.0,5074791.079071964,3217.2706896551717,3041.2806947936815,1100.0,37946.3,24377.371551724114,2,1996
89880,1,0,0.0,285387,0,2,8,5,7,89.9,10177,6.63,81,weekly issuance,1995/08/18,male,58,13,16,391999.5,26.2,47100.0,85377823.13685958,13517.224137931033,16039.789608783509,800.0,116004.2,62571.28275862068,1,1996
128988,-1,0,0.0,70646,94,14,3,1,4,58.4,8547,2.65,120,weekly issuance,1994/08/01,male,82,35,47,620138.5999999999,0.1,42530.0,42713543.04070159,7562.665853658536,9629.132122478795,-36.1,78192.9,34740.702439024375,1,1996
63252,1,0,0.0,94725,38,28,1,3,6,63.4,9920,2.26,130,monthly issuance,1994/04/07,female,72,48,116,1551072.7,14.6,47436.0,55246580.52329231,9457.760365853661,12193.79141140528,13097.7,86343.2,49291.82256097561,1,1996
61656,-1,0,0.0,53921,61,22,1,1,2,41.3,8598,2.77,123,weekly issuance,1995/08/27,female,68,9,3,192095.5,36.9,47337.0,275722098.8535606,16007.958333333334,17032.100695315854,400.0,89256.9,44763.458333333336,1,1996
72408,-1,0,0.0,51313,34,12,3,1,4,59.2,8930,3.52,108,issuance after transaction,1995/10/09,female,63,9,4,181963.9,96.5,49634.0,92200318.9076282,13997.223076923077,15363.91682819162,700.0,83619.5,45099.26153846154,1,1996
113544,1,0,0.0,114200,101,41,4,1,4,43.7,8403,5.74,105,monthly issuance,1995/02/20,male,79,26,45,458197.29999999993,14.6,28386.0,48953886.86705232,6453.483098591549,7711.092126985199,700.0,68048.1,33990.419718309866,1,1996
56100,1,0,0.0,387570,0,0,0,1,1,100.0,9897,1.6,140,monthly issuance,1995/01/11,male,63,28,40,262248.9,14.6,13986.0,17835024.296266463,3856.6014705882358,4053.8022792498823,1000.0,45346.1,20158.00147058824,1,1996
290700,-1,0,0.0,139012,59,41,8,3,10,61.9,8363,2.52,108,monthly issuance,1995/01/25,female,62,42,58,1427457.1,5.1,56400.0,171797755.93494546,14274.571000000002,15082.070468233014,-2825.2,129626.3,59647.42399999998,1,1996
123216,1,0,0.0,85852,41,23,4,2,4,59.8,8965,7.08,104,monthly issuance,1994/08/12,male,43,48,80,1553456.9,14.6,59200.0,108956335.45108083,12136.382031250001,15572.93617726506,700.0,138433.7,70622.83359375004,2,1996
380160,1,0,0.0,323870,0,0,0,1,1,100.0,10673,4.75,100,monthly issuance,1994/07/30,male,72,47,62,1731791.3,14.6,62500.0,225654710.9328024,15887.993577981657,16718.172285078585,1100.0,147375.1,64777.07522935782,1,1996
213300,1,0,0.0,162580,83,26,5,1,6,72.8,9538,1.51,111,monthly issuance,1995/04/13,male,57,27,32,220081.90000000002,14.6,13600.0,4254250.541873172,3730.2016949152553,3417.3797524687375,400.0,42443.7,27951.913559322016,1,1996
247728,1,0,0.0,1204953,0,0,0,1,1,100.0,12541,0.29,167,weekly issuance,1995/08/08,male,42,23,27,605603.8,30.0,57900.0,74759711.69471022,12112.076,16019.555910461184,200.0,108390.1,60054.73400000001,1,1996
202788,1,0,0.0,51313,34,12,3,1,4,59.2,8930,3.52,108,weekly issuance,1995/02/20,female,68,26,53,1275155.7000000002,30.0,72298.0,340527593.38626254,16141.211392405066,18880.84826895713,1100.0,139880.9,57124.26835443034,1,1996
154656,1,0,0.0,161227,5,35,11,4,10,69.7,8678,5.93,102,monthly issuance,1994/12/23,male,65,32,57,592196.7,14.6,28994.0,41143468.81660496,6653.895505617976,7561.852818948152,1000.0,61782.0,31791.328089887662,1,1996
100224,-1,0,0.0,285387,0,2,8,5,7,89.9,10177,6.63,81,monthly issuance,1995/11/22,female,64,15,3,88787.1,26.5,18792.0,20486797.636470582,4932.616666666667,6475.813647288792,700.0,46487.1,28124.93333333333,1,1996
44628,1,0,0.0,53921,61,22,1,1,2,41.3,8598,2.77,123,weekly issuance,1994/07/14,male,78,43,103,2078759.8,30.0,71565.0,228240753.44965145,14238.080821917805,17918.625817716984,900.0,112689.5,49477.32123287669,1,1996
215616,-1,0,0.0,42821,4,13,5,1,3,48.4,8173,3.1193421052631565,124,monthly issuance,1995/06/13,male,64,30,31,321693.89999999997,6.8,23130.0,33763834.23590437,5273.670491803279,6437.553424020244,-3424.6,50124.8,21447.624590163923,1,1996
200976,1,0,0.0,114200,101,41,4,1,4,43.7,8403,5.74,105,monthly issuance,1995/09/09,male,66,17,18,386151.1,14.6,37686.0,47450112.88783195,11032.88857142857,10897.915872657148,600.0,83553.5,47938.06571428571,1,1996
277884,-1,0,0.0,105606,77,26,7,2,7,53.0,8254,2.79,97,monthly issuance,1994/05/26,female,41,46,71,1254276.0000000002,14.6,53200.0,158170387.78584218,10720.307692307697,12841.877311427279,1000.0,129394.2,46487.00256410256,1,1996
249312,1,0,0.0,170449,0,0,0,1,1,100.0,10787,2.64,131,weekly issuance,1995/02/13,male,66,30,30,599754.7,30.0,47112.0,146162887.7032458,9995.911666666665,12147.352651058733,900.0,88597.4,35914.85499999999,1,1996
320976,-1,0,0.0,1204953,0,0,0,1,1,100.0,12541,0.29,167,monthly issuance,1995/08/18,male,85,23,27,754697.8999999999,14.6,70071.0,341146764.8425061,15093.958,18939.85516898367,1000.0,130775.0,49482.96800000001,1,1996
30276,-1,0,0.0,103347,87,16,7,1,7,67.0,9104,1.51,123,monthly issuance,1995/04/07,female,82,58,34,462580.19999999995,14.6,22708.0,2476957.8740014345,5028.0456521739125,6757.6533981347075,1000.0,58621.4,31318.87282608695,1,1996
49440,1,0,0.0,285387,0,2,8,5,7,89.9,10177,6.63,81,monthly issuance,1995/01/21,female,55,31,79,610243.7,4.0,30378.0,30668881.042532112,5547.669999999998,7938.255144107231,300.0,74419.8,47798.86545454537,1,1996
30276,-1,0,0.0,103347,87,16,7,1,7,67.0,9104,1.51,123,monthly issuance,1995/04/07,female,82,46,34,468504.00000000006,14.6,22708.0,14454125.22797468,5856.299999999998,7074.892541868557,715.0,58157.5,25197.09249999999,1,1996
165960,1,0,0.0,93931,74,21,10,1,8,56.9,8427,1.12,107,monthly issuance,1994/10/19,female,77,37,88,1602794.2000000002,14.6,62235.0,194295893.53249872,12822.353600000004,16442.527059096483,700.0,107069.6,52523.24480000004,1,1996
123600,1,0,0.0,285387,0,2,8,5,7,89.9,10177,6.63,81,monthly issuance,1995/07/14,female,60,20,29,446944.0,14.6,47109.0,183684949.64555696,9121.306122448976,12795.303271959603,300.0,105255.7,39514.6775510204,2,1996
220620,1,0,0.0,70646,94,14,3,1,4,58.4,8547,2.65,120,monthly issuance,1994/12/02,female,78,54,74,810370.8,14.6,33096.0,33041046.40663386,6331.021874999999,8321.429549487084,1100.0,70272.7,36907.456249999996,1,1996
66480,-1,0,0.0,182027,17,49,12,2,7,56.4,8746,3.33,90,weekly issuance,1995/12/27,male,86,7,3,136091.2,20.0,49631.0,250511143.1582222,13609.12,16439.267377552645,900.0,77551.0,34798.28,1,1996
320592,1,0,0.0,145688,22,41,13,2,5,40.7,8544,1.29,109,monthly issuance,1995/02/08,male,56,30,58,1221036.7,14.6,60108.0,142369306.8453997,13875.417045454547,16061.984956112856,500.0,117827.8,60781.306818181794,2,1996
161496,1,0,0.0,226122,32,50,7,4,4,62.6,8994,3.8,110,weekly issuance,1994/08/30,male,50,52,78,889775.5,8.0,64900.0,113213321.8376744,6844.426923076923,10752.103789014252,500.0,113865.5,33219.90000000003,1,1996
284280,1,0,0.0,114006,71,26,6,2,9,62.3,9065,4.46,123,monthly issuance,1994/11/15,male,62,36,58,1390307.0000000002,14.6,56800.0,147289433.71698925,14790.5,16760.503592384168,300.0,109361.9,64182.6414893617,2,1996
173016,1,0,0.0,177686,69,27,10,1,9,74.8,10045,1.42,135,weekly issuance,1995/07/17,female,76,47,47,1270863.9,30.0,62700.0,172522936.5607767,13519.828723404255,15523.362090411547,300.0,123928.2,61799.24361702124,1,1996
368880,1,0,0.0,125832,151,41,2,3,5,48.3,8512,3.51,102,monthly issuance,1994/10/22,female,43,58,124,2106483.0999999996,9.7,64500.0,145489395.19543955,11574.08296703297,14792.476227341,1100.0,151062.3,60030.74340659332,2,1996
176148,1,0,0.0,85852,41,23,4,2,4,59.8,8965,7.08,104,monthly issuance,1996/01/23,female,58,9,4,228792.7,34.9,34881.0,211513516.2175,17599.438461538462,16180.601025947626,1100.0,83783.4,47154.5,1,1996
186384,1,0,0.0,128118,9,16,6,3,8,85.3,9317,6.49,97,weekly issuance,1994/09/02,male,62,82,108,2271010.0,30.0,60600.0,159172658.31727374,11952.684210526313,14945.74025539939,700.0,129557.3,61578.30157894749,1,1996
360000,1,0,0.0,197099,29,41,10,2,10,74.7,9624,1.6,145,issuance after transaction,1994/11/13,female,48,57,79,2026046.7000000002,0.3,73228.0,333832606.25854415,14897.402205882352,19720.186805592795,600.0,126072.0,51149.65514705883,1,1996
30060,1,classic,960101.0,72541,66,26,10,0,8,36.9,8594,1.62,112,monthly issuance,1994/09/03,male,70,45,141,903770.0,14.6,29412.0,29624464.430865455,4858.978494623655,7343.0671097830955,500.0,69382.9,37213.407526881754,1,1996
46320,1,0,0.0,133777,24,17,7,3,11,84.7,8705,5.75,116,monthly issuance,1995/01/02,male,42,48,130,1435440.1,14.6,61600.0,121545324.86464103,8064.270224719102,13242.48398673096,900.0,119892.5,43657.81348314611,1,1996
141948,1,0,0.0,228848,15,40,18,2,6,57.2,9893,4.09,96,monthly issuance,1996/03/14,female,71,7,3,89639.8,49.6,28840.0,109437871.8528889,8963.98,10820.65532763869,800.0,63263.1,32592.68,1,1996
19044,1,0,0.0,122603,25,21,6,2,8,80.0,8991,1.39,128,monthly issuance,1995/05/28,female,47,29,40,455430.4,14.2,24126.0,24893963.871555835,6600.440579710144,7968.704626524923,600.0,64981.1,43121.75507246376,1,1996
85716,1,0,0.0,74062,99,15,4,2,7,61.4,8114,2.38,119,monthly issuance,1996/02/12,female,78,15,4,136917.0,52.5,21430.0,46122698.40535087,7206.1578947368425,7472.799439695035,800.0,52782.7,31337.25789473685,2,1996
155880,1,0,0.0,114006,71,26,6,2,9,62.3,9065,4.46,123,monthly issuance,1994/10/13,male,53,51,91,1737680.0,14.6,60700.0,121111712.26966837,12237.18309859155,13730.391440618872,1000.0,164648.6,63263.14718309857,2,1996
32640,1,0,0.0,161854,73,21,6,1,6,76.3,9425,1.72,125,monthly issuance,1995/03/24,male,79,39,68,296685.3,14.6,20700.0,1670538.0024545926,2772.7598130841125,3429.334909275201,300.0,43206.0,25906.4093457944,1,1996
20196,1,0,0.0,1204953,0,0,0,1,1,100.0,12541,0.29,167,monthly issuance,1995/02/11,male,50,34,62,816127.0,14.6,35469.0,32507236.10791886,8501.322916666664,10375.375806930957,200.0,77158.8,52636.598958333314,1,1996
444864,1,0,0.0,197099,29,41,10,2,10,74.7,9624,1.6,145,monthly issuance,1995/08/15,female,56,27,37,411723.3,14.6,25862.0,33847511.32778026,6433.1765625,6889.951176152078,800.0,62903.5,32404.773437499996,2,1996
11400,1,0,0.0,387570,0,0,0,1,1,100.0,9897,1.6,140,monthly issuance,1995/08/03,female,41,29,48,187436.8,14.6,10734.0,2950577.0618899516,2434.2441558441565,2745.3924686594396,300.0,39514.1,27533.66363636363,1,1996
96768,1,0,0.0,85852,41,23,4,2,4,59.8,8965,7.08,104,monthly issuance,1995/07/27,male,60,28,38,874118.9,13.4,64100.0,161041458.43812123,13244.225757575754,15605.86869071337,900.0,117830.9,51611.34242424239,2,1996
133968,1,0,0.0,139012,59,41,8,3,10,61.9,8363,2.52,108,monthly issuance,1995/11/09,female,85,23,56,785250.0,14.6,60800.0,132054147.79002434,9939.873417721517,13990.238926963153,200.0,117458.5,46772.31518987341,2,1996
187104,1,0,0.0,226122,32,50,7,4,4,62.6,8994,3.8,110,monthly issuance,1996/03/09,female,44,16,9,490536.2,2.5,49500.0,308156553.0205667,19621.447999999997,17246.115081570304,300.0,137193.5,66292.37199999999,1,1996
162468,1,0,0.0,105058,32,19,7,2,10,81.0,9272,2.8,118,monthly issuance,1996/03/05,male,67,10,5,226238.8,70.9,40614.0,93577062.24290477,15082.586666666666,14926.394431957806,700.0,83862.8,51279.553333333344,2,1996
89340,1,0,0.0,110643,49,41,4,1,4,51.9,8441,3.45,115,monthly issuance,1995/11/09,male,50,20,24,205148.6,14.6,17313.0,7852775.830909096,4662.4681818181825,4918.61801694729,500.0,54020.1,39644.76363636365,2,1996
89340,1,0,0.0,110643,49,41,4,1,4,51.9,8441,3.45,115,monthly issuance,1995/11/09,male,50,20,24,204453.5,14.6,17313.0,8125971.071078226,4646.670454545455,4927.551265509374,500.0,54628.1,40005.48181818184,2,1996
258444,1,0,0.0,1204953,0,0,0,1,1,100.0,12541,0.29,167,weekly issuance,1996/01/11,male,55,12,4,138892.09999999998,141.4,31830.0,22997619.99575,8680.756249999999,8830.226336243692,600.0,61790.4,40688.1375,1,1996
155640,1,0,0.0,95616,65,30,4,1,6,51.4,9307,3.85,118,monthly issuance,1995/06/19,female,78,27,78,608357.4,14.6,34486.0,34551933.36436538,5793.879999999999,8412.574174143227,500.0,72838.9,45183.34952380955,1,1996
270384,1,0,0.0,75232,55,26,4,1,5,41.7,8980,1.95,111,monthly issuance,1995/05/27,male,59,32,55,1079105.1,14.6,50696.0,159450179.80585,12403.506896551722,13502.9710616951,700.0,91294.4,47654.24482758614,1,1996
54024,1,classic,950613.0,117897,139,28,5,1,6,53.8,8814,4.76,107,monthly issuance,1994/10/01,male,53,45,102,1280182.2,14.6,40521.0,94370945.50766702,8708.722448979594,10938.351221500594,1000.0,81705.8,36480.18503401359,1,1996
44376,1,0,0.0,58796,22,16,7,1,5,51.9,9045,3.13,124,monthly issuance,1996/02/27,male,59,18,21,597963.1,14.6,54100.0,193087675.8075708,15332.38717948718,15195.70285752867,800.0,124090.0,53505.215384615374,1,1996
85632,1,0,0.0,197099,29,41,10,2,10,74.7,9624,1.6,145,monthly issuance,1995/04/05,female,72,38,47,1294744.9,14.6,60800.0,288895683.327633,15232.292941176469,17960.89553052745,800.0,156504.1,65066.73529411768,1,1996
148920,1,0,0.0,108871,41,29,7,2,6,62.1,8444,3.24,106,weekly issuance,1996/02/01,male,44,16,15,242794.6,30.0,22780.0,27209622.01732259,7832.083870967742,7198.968039290853,400.0,63289.9,32435.319354838695,1,1996
91152,1,classic,960808.0,105058,32,19,7,2,10,81.0,9272,2.8,118,monthly issuance,1995/05/15,male,79,31,46,727876.7,14.6,34184.0,55161831.90907723,9452.944155844154,10326.357272475812,400.0,72327.7,44829.54415584412,1,1996
141648,1,0,0.0,139012,59,41,8,3,10,61.9,8363,2.52,108,monthly issuance,1996/02/04,female,76,13,5,253910.2,55.6,42127.0,393745840.5006536,14106.122222222222,15669.406002239095,200.0,123310.1,45100.42222222222,2,1996
388512,-1,0,0.0,42821,4,13,5,1,3,48.4,8173,3.1193421052631565,124,issuance after transaction,1994/11/17,female,52,54,66,878330.8,2.4,44700.0,65851492.68969748,7319.423333333334,9421.672615111487,-2838.8,84743.5,21371.32,1,1996
402000,1,0,0.0,149893,63,29,6,2,6,67.4,9753,4.64,109,monthly issuance,1995/10/15,male,41,29,25,163614.0,14.6,9500.0,1951269.3802096436,3029.8888888888896,2791.9229559480477,200.0,35650.8,21568.935185185193,1,1996
253512,-1,0,0.0,108871,41,29,7,2,6,62.1,8444,3.24,106,weekly issuance,1996/01/28,female,76,14,15,329998.5,13.4,40419.0,214165283.7419212,11379.258620689658,12285.678035841955,300.0,111044.2,37095.84482758619,1,1996
71460,1,0,0.0,1204953,0,0,0,1,1,100.0,12541,0.29,167,monthly issuance,1996/01/13,male,44,16,15,314120.49999999994,14.6,33669.0,7950672.369387102,10132.919354838708,10402.762744976912,700.0,76403.1,49220.9806451613,2,1996
29448,-1,0,0.0,226122,32,50,7,4,4,62.6,8994,3.8,110,monthly issuance,1996/05/15,male,74,9,2,90990.6,63.8,22090.0,37975176.18609091,8271.872727272728,8209.303107827229,800.0,43790.6,28977.436363636363,1,1996
48744,1,0,0.0,148545,8,35,12,3,4,53.5,8909,4.01,113,monthly issuance,1996/05/03,female,57,11,3,159491.3,53.7,28603.5,55760413.36587911,11392.235714285713,9894.075697538723,900.0,62891.3,42930.20714285715,1,1996
181020,1,0,0.0,78955,50,24,8,1,9,59.0,9060,1.78,124,monthly issuance,1995/03/15,male,53,37,56,676459.6,14.6,27150.0,50393550.62711432,7273.759139784944,7891.191042455486,500.0,60475.3,34005.90645161289,2,1996
68832,1,0,0.0,1204953,0,0,0,1,1,100.0,12541,0.29,167,monthly issuance,1995/10/23,male,62,24,29,414935.99999999994,14.6,28353.0,44866179.58970611,7828.981132075471,8816.190668376881,700.0,61939.6,37557.05471698113,1,1996
74124,1,0,0.0,107870,84,29,6,1,6,58.0,8754,3.83,137,weekly issuance,1995/04/09,female,82,39,83,1100882.2999999998,30.0,49816.0,227766429.30654994,9023.625409836066,13173.527464945737,400.0,159765.9,54371.29918032791,1,1996
174048,1,0,0.0,162580,83,26,5,1,6,72.8,9538,1.51,111,monthly issuance,1995/10/10,female,69,38,31,931715.7,14.6,49461.0,109025199.19461639,13503.12608695652,15365.636958310695,600.0,127067.6,72968.3811594203,1,1996
84120,1,0,0.0,42821,4,13,5,1,3,48.4,8173,3.1193421052631565,124,weekly issuance,1996/06/09,female,71,12,7,280612.9,30.0,47952.0,14133532.528888907,14769.1,14989.980823610893,900.0,89570.9,56910.689473684215,1,1996
194940,1,0,0.0,112065,95,19,7,1,8,69.4,11277,1.25,127,monthly issuance,1995/06/15,male,57,38,53,1152816.9000000001,1.3,58700.0,254032746.82710376,12668.317582417583,14653.067368367269,600.0,138172.6,56669.787912087864,1,1996
15192,1,0,0.0,122603,25,21,6,2,8,80.0,8991,1.39,128,monthly issuance,1994/11/10,female,49,47,122,692848.3999999999,14.6,21513.0,18298322.781159483,4099.694674556212,5307.353794312866,500.0,48157.1,29941.905325443797,1,1996
96168,1,0,0.0,197099,29,41,10,2,10,74.7,9624,1.6,145,weekly issuance,1995/01/19,female,49,84,65,1227843.7000000002,24.8,53500.0,97754692.80293898,8240.56174496644,12084.179197330235,600.0,138010.1,50492.688590603946,1,1996
139464,-1,0,0.0,182027,17,49,12,2,7,56.4,8746,3.33,90,monthly issuance,1995/08/27,male,63,19,12,252063.19999999995,20.2,36854.0,103392065.56345162,8131.070967741934,11582.127317961169,300.0,65062.8,31532.748387096784,1,1996
54396,1,0,0.0,110643,49,41,4,1,4,51.9,8441,3.45,115,monthly issuance,1996/03/21,male,82,14,9,88638.00000000001,14.6,11244.0,2134772.9274901184,3853.8260869565224,3544.9116534981117,800.0,42308.8,30293.708695652185,1,1996
392460,1,0,0.0,107870,84,29,6,1,6,58.0,8754,3.83,137,monthly issuance,1994/11/24,male,42,46,97,1842200.7999999998,14.6,58870.0,194066506.52145183,12882.523076923082,15051.099853811123,900.0,115913.4,57131.74055944061,2,1996
101520,1,0,0.0,1204953,0,0,0,1,1,100.0,12541,0.29,167,monthly issuance,1996/02/01,female,45,18,20,204061.59999999998,14.6,18513.0,15919870.96628734,5370.042105263158,5266.370364339698,400.0,43218.7,26449.092105263157,1,1996
77184,1,0,0.0,1204953,0,0,0,1,1,100.0,12541,0.29,167,monthly issuance,1995/03/11,female,67,36,41,1121216.8,14.6,63600.0,252148814.79738727,14561.257142857143,18669.59473905034,200.0,142917.9,50722.27012987011,1,1996
70656,1,0,0.0,1204953,0,0,0,1,1,100.0,12541,0.29,167,monthly issuance,1996/01/05,male,69,29,24,274982.0,14.6,26080.0,10634765.653711896,5188.33962264151,6795.179222868213,600.0,55343.2,32646.850943396235,1,1996
64656,1,0,0.0,67298,71,19,10,0,7,43.8,8561,0.65,110,monthly issuance,1996/06/08,female,80,9,3,76548.9,62.9,13609.0,26741513.110000003,6379.075,5800.345657901464,200.0,44749.0,25896.466666666664,2,1996
396120,1,0,0.0,51428,50,11,3,1,4,52.7,8402,3.13,120,weekly issuance,1995/04/15,female,71,36,59,1464720.3,30.0,59415.0,221812682.8942306,15418.108421052631,17115.753879665655,500.0,104859.1,58855.27789473691,1,1996
93600,1,0,0.0,81344,61,23,4,2,6,55.3,8899,3.39,149,monthly issuance,1995/12/17,male,49,21,34,432102.7,14.6,45287.0,102462171.99120201,7856.4127272727255,12488.542335692768,900.0,96108.3,40078.70727272725,1,1996
22968,1,0,0.0,93931,74,21,10,1,8,56.9,8427,1.12,107,monthly issuance,1996/06/25,female,71,10,1,46031.0,16.3,8200.0,7400320.583545458,4184.636363636364,3934.1177629228964,1000.0,38831.0,23324.936363636363,1,1996
262980,1,0,0.0,53921,61,22,1,1,2,41.3,8598,2.77,123,monthly issuance,1995/10/21,female,55,24,32,409373.39999999997,14.6,44022.0,83166282.9997208,7310.239285714285,10995.412915371551,900.0,78574.3,41729.616071428565,1,1996
372120,1,0,0.0,197099,29,41,10,2,10,74.7,9624,1.6,145,monthly issuance,1995/01/05,female,84,71,101,2611320.6,14.6,63300.0,143189859.0729097,15182.096511627913,14838.135408596567,500.0,128495.4,64044.04593023261,2,1996
86184,1,0,0.0,285387,0,2,8,5,7,89.9,10177,6.63,81,monthly issuance,1996/03/06,female,81,16,26,693991.3,14.6,64642.0,212700540.4900697,16523.60238095238,18334.08771901484,300.0,128146.0,59935.271428571425,1,1996
86184,1,0,0.0,285387,0,2,8,5,7,89.9,10177,6.63,81,monthly issuance,1996/03/06,female,81,16,26,697494.6000000001,14.6,64642.0,205383161.83445993,16607.014285714282,18288.111233411848,300.0,128146.0,60273.67857142853,1,1996
192744,1,0,0.0,145688,22,41,13,2,5,40.7,8544,1.29,109,monthly issuance,1996/06/16,female,50,13,13,401311.5,14.6,49871.0,151202795.21141544,15435.05769230769,14721.121315611068,200.0,128778.8,62590.42307692309,2,1996
68544,1,0,0.0,114006,71,26,6,2,9,62.3,9065,4.46,123,weekly issuance,1996/02/19,female,37,17,37,483201.89999999997,30.0,44342.0,91664344.88421382,8948.183333333334,12206.13825587008,900.0,94207.7,44948.62592592594,2,1996
88440,1,0,0.0,128118,9,16,6,3,8,85.3,9317,6.49,97,issuance after transaction,1996/05/11,male,83,16,15,460373.8,100.0,47976.0,74571433.3216774,14850.767741935484,14855.181613124923,200.0,103239.0,62778.09032258065,2,1996
110112,1,0,0.0,107911,88,33,6,2,7,50.9,8240,2.53,99,monthly issuance,1995/12/15,male,58,37,45,1413246.7,14.6,52500.0,145047202.67604938,17234.715853658538,14889.76940313004,700.0,135658.1,76232.70000000003,1,1996
110136,1,0,0.0,1204953,0,0,0,1,1,100.0,12541,0.29,167,monthly issuance,1995/05/08,female,63,29,34,734613.7999999999,14.6,60700.0,159255662.2038556,11660.536507936504,14707.099284176113,400.0,140542.8,50815.80476190475,1,1996
276300,1,0,0.0,197099,29,41,10,2,10,74.7,9624,1.6,145,monthly issuance,1995/07/14,male,45,45,47,285639.39999999997,14.6,8888.0,800955.8510845676,3104.776086956522,2425.3134220191587,500.0,40755.0,25997.563043478272,1,1996
359760,1,0,0.0,161854,73,21,6,1,6,76.3,9425,1.72,125,monthly issuance,1995/07/29,male,42,25,23,387952.30000000005,14.6,51700.0,185057887.56918886,8082.339583333332,11713.6772558378,900.0,127807.6,32434.693750000006,1,1996
321180,1,0,0.0,177686,69,27,10,1,9,74.8,10045,1.42,135,monthly issuance,1996/03/27,female,77,17,21,516231.1,14.6,48180.0,203217473.97406825,13585.028947368419,13787.854601216048,700.0,90257.3,40524.463157894745,2,1996
46176,1,0,0.0,145688,22,41,13,2,5,40.7,8544,1.29,109,monthly issuance,1996/06/07,male,55,11,6,145751.09999999998,64.5,18109.0,51377200.54378676,8573.594117647057,7770.544451442141,1000.0,54705.1,33613.10588235293,1,1996
421008,1,0,0.0,177686,69,27,10,1,9,74.8,10045,1.42,135,monthly issuance,1996/01/19,male,68,22,28,426098.1,14.6,31540.0,63395212.90268979,8521.962,8470.089548544529,600.0,72330.4,37436.421999999984,1,1996
72120,1,0,0.0,139012,59,41,8,3,10,61.9,8363,2.52,108,monthly issuance,1995/03/14,male,62,40,62,1466441.9000000004,14.6,54092.0,30233560.128661416,14376.881372549024,15888.066131563546,1000.0,109338.9,75686.06568627457,2,1996
228276,1,0,0.0,1204953,0,0,0,1,1,100.0,12541,0.29,167,monthly issuance,1996/06/09,female,54,13,7,143737.2,14.6,22288.0,16983831.82778947,7186.860000000001,6934.937153921592,500.0,60236.6,41402.134999999995,2,1996
182640,1,0,0.0,145688,22,41,13,2,5,40.7,8544,1.29,109,monthly issuance,1996/03/28,female,79,17,23,369104.0,11.5,34246.0,76728091.10282052,9227.599999999999,9813.317534102736,600.0,64411.8,37802.23000000001,1,1996
61560,1,0,0.0,51313,34,12,3,1,4,59.2,8930,3.52,108,weekly issuance,1996/01/07,male,78,22,49,691497.2,30.0,46166.0,100470142.6507505,9739.39718309859,11617.221354178977,200.0,73559.9,32967.71267605635,1,1996
179328,1,0,0.0,387570,0,0,0,1,1,100.0,9897,1.6,140,monthly issuance,1996/01/22,male,48,21,31,464660.8,14.6,34960.0,61771080.54523378,8935.784615384613,9792.938412185422,200.0,81614.7,44093.971153846156,1,1996
155616,1,0,0.0,92084,55,29,4,3,5,46.7,10124,0.56,141,monthly issuance,1996/04/20,female,62,16,14,274534.6,14.6,29176.0,59204497.08406896,9151.153333333332,9167.297739838636,300.0,62153.6,39426.06999999999,1,1996
417600,1,gold,960717.0,157042,49,70,18,0,9,33.9,8743,1.88,111,issuance after transaction,1995/10/24,male,51,21,13,277439.0,100.0,36305.0,113807573.21618536,8159.970588235291,12246.063165534477,200.0,87052.1,43196.74411764705,1,1996
123408,1,gold,960703.0,119895,17,4,3,2,4,89.9,10446,7.34,90,issuance after transaction,1995/11/23,male,57,25,40,376341.2,67.5,46000.0,57546461.10933413,5789.864615384616,8424.775584760231,700.0,85626.9,28359.255384615382,1,1996
155616,1,0,0.0,226122,32,50,7,4,4,62.6,8994,3.8,110,monthly issuance,1995/01/21,male,42,70,102,842107.6000000001,14.6,36960.0,26984110.565283556,4895.974418604649,7083.50978022853,200.0,75294.1,44197.50988372092,2,1996
222180,-1,0,0.0,45714,52,10,5,1,6,55.6,8843,2.82,113,monthly issuance,1995/11/29,male,82,28,31,691804.2,14.6,52600.0,125134053.38712446,11725.494915254236,13888.269077341096,800.0,130659.1,55230.44406779658,1,1996
45024,1,0,0.0,285387,0,2,8,5,7,89.9,10177,6.63,81,monthly issuance,1996/05/21,female,64,20,19,303412.80000000005,14.6,31636.5,40862664.02277327,7779.815384615385,10082.311518630264,800.0,63659.3,41994.90769230771,1,1996
115812,1,0,0.0,93931,74,21,10,1,8,56.9,8427,1.12,107,monthly issuance,1995/05/20,male,68,51,73,1646730.4999999998,14.6,50800.0,124831637.66455811,13280.084677419358,14709.90990232363,1100.0,119527.2,56646.516129032294,1,1996
129408,1,0,0.0,106054,38,25,6,2,6,63.1,8110,5.77,109,monthly issuance,1995/10/14,female,59,29,78,486882.39999999997,14.6,24212.0,21713625.671184972,4550.302803738317,6256.7835228934155,1000.0,56055.6,30869.78130841124,1,1996
