amount_loan,status,type_card,date_card,no. of inhabitants,no. of municipalities with inhabitants < 499,no. of municipalities with inhabitants 500-1999,no. of municipalities with inhabitants 2000-9999,no. of municipalities with inhabitants >10000,no. of cities,ratio of urban inhabitants,average salary,unemploymant rate '95,no. of enterpreneurs per 1000 inhabitants,frequency,date_account,sex,age,n_credits,n_withdrawals,total_credit,mean_credit,std_credit,min_credit,min_balance,max_balance,mean_balance,n_members,loan_year
96396,-1,0,0.0,94812,15,13,8,2,10,81.8,9650,3.38,100,weekly issuance,1993/03/22,female,74,4,0,20100.0,5025.0,3774.8068383251966,1100.0,1100.0,20100.0,12250.0,1,1993
165960,1,0,0.0,112709,48,20,7,3,10,73.5,8369,1.79,117,monthly issuance,1993/02/13,male,53,17,20,229893.69999999998,13523.158823529411,13998.092225373912,2.9,700.0,120512.8,52083.85945945945,1,1993
127080,1,0,0.0,77917,85,19,6,1,5,53.5,8390,2.28,132,monthly issuance,1993/02/08,male,85,15,9,75146.0,5009.733333333334,6801.234716228965,48.6,800.0,49590.4,30060.95416666668,1,1993
105804,1,0,0.0,177686,69,27,10,1,9,74.8,10045,1.42,135,monthly issuance,1993/01/30,female,81,13,12,120309.80000000002,9254.600000000002,9818.59121827906,132.8,1000.0,65898.5,41297.479999999996,1,1993
274740,1,0,0.0,86513,38,36,5,1,5,50.5,8288,3.79,110,weekly issuance,1993/02/14,male,43,13,14,276327.1,21255.930769230767,24264.229779532965,77.1,600.0,122893.1,57188.21111111113,1,1993
87840,1,0,0.0,53921,61,22,1,1,2,41.3,8598,2.77,123,monthly issuance,1993/05/12,male,36,14,3,102647.8,7331.9857142857145,11713.859081897366,51.3,500.0,65847.8,46318.55294117648,2,1993
52788,1,0,0.0,58796,22,16,7,1,5,51.9,9045,3.13,124,monthly issuance,1993/01/14,male,48,21,22,90384.8,4304.038095238095,3880.5602012436543,43.9,1000.0,41469.1,22198.179069767448,1,1993
174744,-1,0,0.0,122603,25,21,6,2,8,80.0,8991,1.39,128,monthly issuance,1993/04/14,female,73,16,16,213997.59999999998,13374.849999999999,16348.357234046483,77.8,1000.0,105628.0,37485.456249999996,1,1993
154416,1,0,0.0,70699,60,13,2,1,4,65.3,8968,2.83,131,weekly issuance,1993/04/20,female,52,16,16,182543.8,11408.9875,13212.035232815822,13.6,8897.0,81723.5,46715.8,1,1993
117024,1,0,0.0,177686,69,27,10,1,9,74.8,10045,1.42,135,monthly issuance,1993/06/20,male,86,9,4,118393.5,13154.833333333336,15275.43339589748,45.1,800.0,76985.2,44131.16923076923,1,1993
21924,1,0,0.0,157042,49,70,18,0,9,33.9,8743,1.88,111,monthly issuance,1993/01/17,female,62,21,24,158586.5,7551.738095238096,7695.526818254628,38.3,1100.0,60432.4,34272.21333333335,2,1993
79608,1,0,0.0,105606,77,26,7,2,7,53.0,8254,2.79,97,monthly issuance,1993/01/13,male,51,22,31,518282.4,23558.290909090912,24223.19832425322,110.2,800.0,125825.7,69954.57169811318,1,1993
464520,-1,0,0.0,148545,8,35,12,3,4,53.5,8909,4.01,113,weekly issuance,1993/03/19,female,81,31,37,497102.3,16035.55806451613,15297.898328632687,42.4,200.0,125943.1,51760.01617647063,1,1993
95400,1,0,0.0,95616,65,30,4,1,6,51.4,9307,3.85,118,weekly issuance,1993/03/15,male,50,22,25,257545.0,11706.590909090908,13022.733787675894,23.6,200.0,92354.8,41562.32340425532,1,1993
93888,1,0,0.0,86513,38,36,5,1,5,50.5,8288,3.79,110,issuance after transaction,1993/07/05,female,71,12,7,85016.4,7084.7,7697.681274844452,48.0,600.0,52378.2,37510.49473684211,1,1993
47016,1,0,0.0,112709,48,20,7,3,10,73.5,8369,1.79,117,issuance after transaction,1993/04/14,female,64,22,20,286683.4,13031.063636363637,14937.019272760052,32.8,200.0,112901.6,60382.085714285706,1,1993
259740,1,0,0.0,228848,15,40,18,2,6,57.2,9893,4.09,96,monthly issuance,1993/07/11,male,42,10,7,144433.5,14443.35,15387.514924354167,75.3,800.0,79633.5,45198.15294117648,1,1993
38148,1,0,0.0,1204953,0,0,0,1,1,100.0,12541,0.29,167,monthly issuance,1993/06/28,female,56,18,11,145221.5,8067.861111111111,11579.10396843936,9.9,900.0,62324.6,37462.093103448286,1,1993
86616,1,0,0.0,75637,35,36,9,0,7,36.5,9622,0.45,154,monthly issuance,1993/08/18,male,60,12,3,58553.2,4879.433333333333,6561.633923779729,29.8,800.0,48353.1,25714.046666666665,1,1993
75624,-1,0,0.0,387570,0,0,0,1,1,100.0,9897,1.6,140,monthly issuance,1993/06/10,male,63,15,8,175155.0,11677.0,19366.42021305361,50.5,400.0,89754.8,50009.90869565218,1,1993
80952,1,0,0.0,1204953,0,0,0,1,1,100.0,12541,0.29,167,monthly issuance,1993/02/26,female,81,22,32,228685.3,10394.786363636362,11457.26961321087,13.5,1100.0,67529.6,32590.62407407406,2,1994
80952,1,0,0.0,1204953,0,0,0,1,1,100.0,12541,0.29,167,monthly issuance,1993/02/26,female,81,22,32,228693.9,10395.177272727273,11456.902704563734,13.5,1100.0,67529.6,33312.53888888891,2,1994
24516,1,0,0.0,1204953,0,0,0,1,1,100.0,12541,0.29,167,monthly issuance,1993/02/27,male,63,31,42,630685.0,20344.677419354834,19408.834213706392,12.5,200.0,125254.2,55582.22602739725,1,1994
253200,1,0,0.0,139012,59,41,8,3,10,61.9,8363,2.52,108,weekly issuance,1993/05/10,female,71,21,20,284778.7,13560.890476190476,16298.788997987082,69.5,800.0,104417.9,47302.546341463436,1,1994
21072,1,0,0.0,74062,99,15,4,2,7,61.4,8114,2.38,119,monthly issuance,1993/09/08,female,57,13,2,39167.1,3012.853846153846,3766.1760094768506,48.5,1100.0,33467.0,21575.68666666666,1,1994
108144,1,0,0.0,108871,41,29,7,2,6,62.1,8444,3.24,106,monthly issuance,1993/05/20,male,64,23,32,386925.00000000006,16822.826086956524,17851.048345741932,35.7,900.0,123863.4,54652.89818181817,2,1994
78936,1,0,0.0,51313,34,12,3,1,4,59.2,8930,3.52,108,monthly issuance,1993/05/09,female,64,24,27,95405.0,3975.208333333334,4054.8399573753254,24.0,900.0,40560.3,25900.319607843132,1,1994
149040,1,0,0.0,75637,35,36,9,0,7,36.5,9622,0.45,154,monthly issuance,1993/04/21,female,53,20,34,189931.60000000003,9496.58,10743.711547426978,31.1,200.0,62441.6,36845.58888888889,1,1994
49320,-1,0,0.0,122603,25,21,6,2,8,80.0,8991,1.39,128,issuance after transaction,1993/09/03,female,76,17,32,266271.60000000003,15663.03529411765,16806.344967933284,166.4,900.0,126833.0,46576.27755102041,1,1994
197748,1,0,0.0,53921,61,22,1,1,2,41.3,8598,2.77,123,monthly issuance,1993/09/13,male,53,11,5,135994.6,12363.145454545454,14026.726463531228,68.3,300.0,74413.6,44735.43125,2,1994
300660,1,0,0.0,128118,9,16,6,3,8,85.3,9317,6.49,97,monthly issuance,1993/04/29,male,71,24,42,358263.0,14927.625,17113.836067809858,39.4,800.0,135175.2,45854.89090909087,1,1994
182628,1,0,0.0,138032,67,30,4,2,5,64.6,8819,5.38,99,monthly issuance,1993/10/10,male,62,10,3,76660.9,7666.089999999999,8850.231824641029,67.1,500.0,52246.0,33229.1076923077,1,1994
91632,1,0,0.0,139012,59,41,8,3,10,61.9,8363,2.52,108,monthly issuance,1993/03/08,male,60,27,43,237174.59999999998,8784.244444444443,9670.996869002514,54.1,700.0,64577.8,40976.942857142836,2,1994
51696,1,classic,931107.0,323870,0,0,0,1,1,100.0,10673,4.75,100,monthly issuance,1993/02/08,female,53,44,58,728065.9000000001,16546.952272727274,16358.967978771148,119.6,600.0,124339.4,58226.50490196077,1,1994
55368,1,0,0.0,197099,29,41,10,2,10,74.7,9624,1.6,145,monthly issuance,1993/03/18,female,82,47,51,432628.6,9204.863829787235,11645.00150656972,27.2,200.0,113350.7,46061.31938775505,1,1994
91200,1,0,0.0,119895,17,4,3,2,4,89.9,10446,7.34,90,monthly issuance,1993/07/28,male,63,18,18,196349.0,10908.277777777777,12526.278594433363,16.0,700.0,76736.9,32558.533333333333,2,1994
7656,1,0,0.0,78955,50,24,8,1,9,59.0,9060,1.78,124,monthly issuance,1993/03/28,male,62,36,45,278859.20000000007,7746.088888888888,11093.951461064016,9.2,600.0,73069.1,46444.63950617286,2,1994
212400,1,0,0.0,85852,41,23,4,2,4,59.8,8965,7.08,104,weekly issuance,1993/03/05,female,55,31,40,433316.2,13977.941935483874,16886.433997872853,71.5,300.0,133215.2,51034.36197183098,1,1994
167100,1,0,0.0,145688,22,41,13,2,5,40.7,8544,1.29,109,monthly issuance,1993/05/06,male,48,33,46,585785.2000000001,17751.066666666666,16643.693764581425,91.4,1100.0,143605.7,63707.62658227849,2,1994
149340,1,0,0.0,105606,77,26,7,2,7,53.0,8254,2.79,97,weekly issuance,1993/05/21,male,58,23,33,173575.3,7546.752173913043,8313.872751167697,32.2,500.0,53214.0,29069.11607142853,1,1994
65184,1,0,0.0,75232,55,26,4,1,5,41.7,8980,1.95,111,monthly issuance,1993/01/25,male,64,30,52,524877.5,17495.916666666668,18012.952086438618,21.6,900.0,102410.3,47426.549999999974,1,1994
215388,-1,0,0.0,119895,17,4,3,2,4,89.9,10446,7.34,90,monthly issuance,1993/11/27,male,62,10,5,61162.9,6116.29,15624.45252818301,18.0,1000.0,50757.0,32702.726666666666,1,1994
89040,1,0,0.0,148545,8,35,12,3,4,53.5,8909,4.01,113,monthly issuance,1993/04/12,male,45,44,43,164345.40000000002,3735.122727272728,5249.801706503875,25.2,800.0,46550.2,30045.399999999998,2,1994
193968,1,0,0.0,226122,32,50,7,4,4,62.6,8994,3.8,110,issuance after transaction,1993/10/25,male,49,20,9,286180.0,14309.0,16108.456022749111,52.4,800.0,120567.3,63579.21724137932,1,1994
24312,1,0,0.0,93931,74,21,10,1,8,56.9,8427,1.12,107,monthly issuance,1993/02/10,female,66,37,41,207260.4,5601.632432432431,6334.084003058991,35.5,1100.0,48277.9,29380.83974358974,1,1994
272520,1,0,0.0,92084,55,29,4,3,5,46.7,10124,0.56,141,monthly issuance,1993/06/18,female,80,34,50,467695.6,13755.75294117647,14316.953745424598,13.3,1100.0,121891.4,44602.641666666634,2,1994
80340,1,0,0.0,1204953,0,0,0,1,1,100.0,12541,0.29,167,monthly issuance,1993/07/05,male,43,22,30,446745.7,20306.622727272726,21670.904746422253,147.8,1100.0,122523.5,61531.59038461539,2,1994
97632,1,0,0.0,103347,87,16,7,1,7,67.0,9104,1.51,123,monthly issuance,1993/07/24,female,53,20,45,515264.2,25763.21,26690.6547850682,46.7,1100.0,119900.1,53379.127692307724,1,1994
196080,1,0,0.0,87419,21,11,4,3,9,85.5,8624,1.79,102,monthly issuance,1993/10/03,male,63,20,27,289532.4,14476.62,16844.13100927067,123.9,900.0,97457.4,49143.96595744681,1,1994
76908,-1,0,0.0,149893,63,29,6,2,6,67.4,9753,4.64,109,monthly issuance,1993/01/26,female,75,42,60,666797.7,15876.135714285716,16557.120906975513,17.0,1100.0,126002.8,52890.40392156865,1,1994
63312,1,0,0.0,51313,34,12,3,1,4,59.2,8930,3.52,108,monthly issuance,1993/04/19,female,65,35,47,96737.2,2763.92,2529.3431112817098,26.5,500.0,31462.9,22551.77926829271,1,1994
25944,1,0,0.0,118650,8,8,5,1,3,85.6,9832,3.32,114,monthly issuance,1993/09/08,female,61,19,18,232737.4,12249.336842105264,13227.663899411318,65.4,600.0,80155.2,56927.45405405403,1,1994
104808,1,0,0.0,125832,151,41,2,3,5,48.3,8512,3.51,102,monthly issuance,1993/11/26,female,76,12,18,113646.0,9470.5,9987.247362511855,19.5,500.0,57865.3,38709.829999999994,2,1994
208320,1,0,0.0,51313,34,12,3,1,4,59.2,8930,3.52,108,weekly issuance,1993/02/07,male,61,33,52,423055.2,12819.854545454547,14197.909587596225,79.0,200.0,82981.9,43944.88941176475,2,1994
151560,1,0,0.0,125832,151,41,2,3,5,48.3,8512,3.51,102,monthly issuance,1993/11/21,male,68,13,15,247759.29999999996,19058.40769230769,21769.48998566042,59.9,300.0,97912.7,53976.29285714283,1,1994
52128,1,0,0.0,75637,35,36,9,0,7,36.5,9622,0.45,154,monthly issuance,1993/09/13,female,62,39,32,243548.7,6244.838461538461,12442.414305926479,38.7,144.2,59944.2,33459.68028169013,1,1994
300204,1,0,0.0,161954,21,37,20,3,8,48.0,8720,3.73,116,monthly issuance,1993/06/05,male,57,27,44,250489.6,9277.392592592592,10500.672949677884,83.6,300.0,57676.7,34084.4605633803,1,1994
77640,1,0,0.0,67298,71,19,10,0,7,43.8,8561,0.65,110,weekly issuance,1993/07/07,male,54,22,38,413086.9,18776.677272727276,20932.090929910235,138.1,700.0,117489.5,55570.30499999995,1,1994
87216,-1,0,0.0,58796,22,16,7,1,5,51.9,9045,3.13,124,monthly issuance,1993/11/26,male,57,21,12,77528.30000000002,3691.82380952381,5452.599528931568,16.7,200.0,41410.0,28362.24848484848,1,1994
87360,1,0,0.0,85852,41,23,4,2,4,59.8,8965,7.08,104,monthly issuance,1993/07/21,male,59,16,14,136713.2,8544.574999999999,15833.24865467181,63.3,200.0,69174.6,36783.95,1,1994
69360,1,0,0.0,112709,48,20,7,3,10,73.5,8369,1.79,117,monthly issuance,1993/03/19,male,80,31,47,204511.1,6597.132258064516,6641.690982091187,34.2,1100.0,52365.0,33857.10641025642,1,1994
288360,1,0,0.0,1204953,0,0,0,1,1,100.0,12541,0.29,167,issuance after transaction,1994/02/27,male,86,8,2,64650.399999999994,8081.299999999999,11968.690657831254,8.7,800.0,58495.8,33211.759999999995,1,1994
174744,-1,0,0.0,95616,65,30,4,1,6,51.4,9307,3.85,118,monthly issuance,1993/03/22,female,43,38,80,438627.5,11542.82894736842,13739.947130841827,33.3,-1369.2,96659.4,26252.81440677967,1,1994
239460,1,0,0.0,228848,15,40,18,2,6,57.2,9893,4.09,96,monthly issuance,1993/09/22,female,79,18,28,240982.9,13387.93888888889,14074.988489145388,30.4,300.0,74408.8,40061.58043478263,1,1994
91584,1,0,0.0,133777,24,17,7,3,11,84.7,8705,5.75,116,monthly issuance,1993/11/26,female,70,14,17,257465.2,18390.37142857143,19525.382423613417,29.4,1000.0,83039.4,50765.41612903225,1,1994
244560,1,0,0.0,109164,98,16,6,1,4,63.6,8757,3.38,96,monthly issuance,1993/10/14,female,54,18,24,224210.90000000002,12456.16111111111,14326.749994621905,65.4,1000.0,72512.5,38426.728571428575,1,1994
4980,1,0,0.0,86513,38,36,5,1,5,50.5,8288,3.79,110,monthly issuance,1993/11/05,female,69,19,27,101697.79999999999,5352.515789473684,5855.277787533337,35.6,800.0,41106.2,30533.37173913044,1,1994
111384,1,0,0.0,75637,35,36,9,0,7,36.5,9622,0.45,154,monthly issuance,1993/03/20,male,54,55,97,1054061.2000000002,19164.749090909096,16819.19548966545,29.0,500.0,141386.0,65097.22434210526,1,1994
276660,-1,0,0.0,124605,11,42,14,1,8,46.0,8772,4.69,126,monthly issuance,1993/08/28,male,72,30,28,111371.0,3712.3666666666663,3346.6496014241825,9.5,500.0,32720.4,19256.89482758621,1,1994
39576,1,0,0.0,105058,32,19,7,2,10,81.0,9272,2.8,118,monthly issuance,1993/02/04,female,41,53,62,487779.39999999997,9203.384905660376,15028.59244328311,21.3,300.0,103467.2,48944.827826086956,1,1994
173808,1,0,0.0,148545,8,35,12,3,4,53.5,8909,4.01,113,issuance after transaction,1993/06/23,male,71,26,49,699587.9,26907.22692307692,27882.02200700025,43.3,1000.0,134416.6,61218.658666666684,2,1994
50460,1,0,0.0,75637,35,36,9,0,7,36.5,9622,0.45,154,monthly issuance,1993/10/20,female,74,19,24,158214.4,8327.073684210525,8763.374599170123,32.6,800.0,51971.4,37570.627906976755,1,1994
252060,-1,0,0.0,110643,49,41,4,1,4,51.9,8441,3.45,115,monthly issuance,1993/11/29,female,56,26,35,389614.5,14985.173076923076,12929.512964023283,8.2,900.0,106259.6,57340.50819672131,1,1994
143904,1,0,0.0,102609,75,33,2,3,6,52.0,8187,4.83,94,monthly issuance,1993/02/20,male,70,47,92,658169.2999999999,14003.602127659575,16026.467471715405,6.7,700.0,134571.2,49727.45611510793,1,1994
208128,-1,0,0.0,387570,0,0,0,1,1,100.0,9897,1.6,140,monthly issuance,1993/05/11,male,70,29,35,342886.4,11823.668965517241,15657.199379475416,30.9,-1069.7,96064.0,36369.97499999999,1,1994
131292,1,0,0.0,1204953,0,0,0,1,1,100.0,12541,0.29,167,weekly issuance,1993/05/29,male,67,29,54,344177.4,11868.186206896553,12564.756401729523,12.1,1000.0,70288.4,36635.11566265061,1,1994
74736,1,0,0.0,77917,85,19,6,1,5,53.5,8390,2.28,132,monthly issuance,1993/06/26,male,56,26,41,291052.7,11194.334615384618,11537.56596177694,16.5,700.0,62084.0,37912.998507462675,1,1994
299088,-1,0,0.0,106054,38,25,6,2,6,63.1,8110,5.77,109,monthly issuance,1993/06/06,female,55,46,80,812759.2999999999,17668.680434782607,16697.64522902848,46.2,500.0,193909.9,51992.854761904746,1,1994
189300,1,0,0.0,109164,98,16,6,1,4,63.6,8757,3.38,96,monthly issuance,1993/06/16,male,68,42,60,273115.4,6502.74761904762,9621.692061810712,43.8,800.0,61043.3,32354.031372549012,1,1994
14628,1,0,0.0,157042,49,70,18,0,9,33.9,8743,1.88,111,monthly issuance,1993/07/01,female,72,29,73,226196.19999999998,7799.868965517242,8444.546604681942,49.4,200.0,52184.7,32788.14215686272,1,1994
120888,1,0,0.0,1204953,0,0,0,1,1,100.0,12541,0.29,167,weekly issuance,1993/03/27,female,77,36,60,472459.6,13123.877777777778,16118.726154278906,85.0,600.0,116468.4,40838.75520833332,1,1994
172080,1,0,0.0,92084,55,29,4,3,5,46.7,10124,0.56,141,monthly issuance,1994/01/21,female,64,25,17,267848.9,10713.956,13937.004333610099,19.3,200.0,119138.8,60743.95714285715,1,1994
323472,1,0,0.0,1204953,0,0,0,1,1,100.0,12541,0.29,167,monthly issuance,1993/06/21,female,81,28,29,388617.3,13879.189285714285,15498.399910058559,52.9,200.0,119934.1,45414.07368421048,1,1994
74688,1,0,0.0,87419,21,11,4,3,9,85.5,8624,1.79,102,monthly issuance,1993/04/02,male,71,49,63,661350.3999999999,13496.946938775513,19696.852104768568,96.1,1100.0,104902.4,48484.62410714285,2,1994
45768,1,0,0.0,226122,32,50,7,4,4,62.6,8994,3.8,110,weekly issuance,1993/11/22,female,44,22,5,103427.6,4701.254545454545,8986.486653739352,24.2,800.0,78327.5,32555.81851851852,1,1994
224604,1,0,0.0,51313,34,12,3,1,4,59.2,8930,3.52,108,monthly issuance,1993/03/24,female,42,34,59,696151.5,20475.04411764706,21195.726924536226,32.7,200.0,109178.4,57496.98924731188,2,1994
79632,1,0,0.0,125832,151,41,2,3,5,48.3,8512,3.51,102,monthly issuance,1994/04/08,female,62,10,6,244462.5,24446.25,26215.867427412482,112.5,900.0,119373.5,63494.200000000004,1,1994
121896,1,0,0.0,157042,49,70,18,0,9,33.9,8743,1.88,111,monthly issuance,1993/04/28,male,56,39,54,636169.6,16312.041025641029,17543.162379170888,17.7,600.0,133454.9,54422.59677419359,1,1994
82896,1,0,0.0,75685,31,28,5,1,9,60.8,8208,1.89,155,monthly issuance,1993/05/08,female,46,34,92,702299.6000000001,20655.87058823529,23236.607640029655,130.5,900.0,107680.9,57141.73095238091,2,1994
23628,1,0,0.0,85852,41,23,4,2,4,59.8,8965,7.08,104,monthly issuance,1993/03/12,male,67,49,61,577410.2,11783.88163265306,13077.30899914163,1.7,1000.0,140228.7,47420.84181818185,1,1994
209184,1,0,0.0,1204953,0,0,0,1,1,100.0,12541,0.29,167,monthly issuance,1993/08/16,male,68,26,42,513026.6,19731.79230769231,20444.230690948938,70.1,1000.0,110583.8,46230.339705882405,1,1994
41904,1,0,0.0,285387,0,2,8,5,7,89.9,10177,6.63,81,monthly issuance,1993/01/24,male,47,63,80,500146.7999999999,7938.838095238093,14136.504224940167,0.8,900.0,129123.0,36080.386713286716,1,1994
87816,1,0,0.0,1204953,0,0,0,1,1,100.0,12541,0.29,167,monthly issuance,1993/06/07,female,55,41,43,198466.6,4840.648780487804,4805.410159659733,54.5,800.0,43442.2,25533.2142857143,2,1994
23052,1,0,0.0,387570,0,0,0,1,1,100.0,9897,1.6,140,monthly issuance,1993/01/19,male,75,48,123,323632.8,6742.349999999999,7256.612121720878,34.7,700.0,54321.8,23771.96608187134,2,1994
189696,-1,0,0.0,110643,49,41,4,1,4,51.9,8441,3.45,115,monthly issuance,1994/05/17,female,51,5,0,22500.0,4500.0,4623.310502226733,600.0,600.0,22500.0,14900.0,1,1994
230220,-1,0,0.0,323870,0,0,0,1,1,100.0,10673,4.75,100,monthly issuance,1993/10/08,female,79,38,44,297905.80000000005,7839.626315789475,12904.573288246353,4.9,-2719.7,130801.0,27658.487804878067,1,1994
71460,1,0,0.0,157042,49,70,18,0,9,33.9,8743,1.88,111,monthly issuance,1993/11/08,female,78,20,23,262679.5,13133.975,15213.679504102638,35.9,200.0,82549.0,47991.530232558136,2,1994
141240,1,0,0.0,102609,75,33,2,3,6,52.0,8187,4.83,94,monthly issuance,1993/09/07,male,59,27,75,499448.50000000006,18498.09259259259,19701.042392471092,105.9,1000.0,107784.1,57219.574509803846,1,1994
11736,1,0,0.0,1204953,0,0,0,1,1,100.0,12541,0.29,167,monthly issuance,1993/04/22,male,83,36,97,414676.4,11518.78888888889,12346.087518881153,34.8,1100.0,70826.8,42224.43909774438,1,1994
192744,1,0,0.0,110643,49,41,4,1,4,51.9,8441,3.45,115,monthly issuance,1993/06/02,male,42,33,43,304978.1,9241.760606060605,13233.520638112032,8.8,700.0,121508.1,37265.65526315789,2,1994
227880,1,0,0.0,197099,29,41,10,2,10,74.7,9624,1.6,145,monthly issuance,1993/09/25,male,68,45,38,365365.30000000005,8119.22888888889,13054.996538118376,24.3,1100.0,153213.7,45134.72168674696,2,1994
17508,1,0,0.0,107870,84,29,6,1,6,58.0,8754,3.83,137,monthly issuance,1993/08/01,male,75,31,41,198353.1,6398.487096774194,6315.624697934583,36.7,900.0,54432.3,39290.618055555555,1,1994
98184,1,0,0.0,114200,101,41,4,1,4,43.7,8403,5.74,105,monthly issuance,1994/07/09,female,76,11,3,99656.20000000001,9059.654545454545,12277.680329635858,74.1,500.0,68956.1,41660.392857142855,1,1994
170256,1,0,0.0,93931,74,21,10,1,8,56.9,8427,1.12,107,monthly issuance,1993/08/08,female,56,31,46,371594.29999999993,11986.912903225808,13358.159520127065,83.9,200.0,79869.8,40091.18311688309,1,1994
83016,1,0,0.0,161954,21,37,20,3,8,48.0,8720,3.73,116,monthly issuance,1993/02/08,male,42,67,129,1348329.3,20124.317910447757,17276.40982723153,90.2,700.0,136436.6,67891.93520408162,1,1994
61056,1,0,0.0,161954,21,37,20,3,8,48.0,8720,3.73,116,monthly issuance,1993/11/21,female,64,23,41,197445.49999999997,8584.586956521738,9219.612965959843,37.1,900.0,55816.0,36039.05156249998,1,1994
123696,1,0,0.0,124605,11,42,14,1,8,46.0,8772,4.69,126,monthly issuance,1993/12/02,male,81,22,39,285666.8,12984.854545454546,17308.55071355051,59.5,300.0,89822.2,49084.381967213114,1,1994
59760,1,0,0.0,323870,0,0,0,1,1,100.0,10673,4.75,100,monthly issuance,1993/12/27,female,57,22,32,244535.8,11115.263636363636,12447.686398782073,19.5,300.0,69643.1,40204.4648148148,2,1994
48672,1,0,0.0,157042,49,70,18,0,9,33.9,8743,1.88,111,monthly issuance,1993/09/17,male,73,34,63,88063.5,2590.1029411764707,2789.9488074466362,33.8,300.0,33484.4,23050.189690721647,2,1994
140400,1,0,0.0,323870,0,0,0,1,1,100.0,10673,4.75,100,monthly issuance,1993/10/10,male,80,22,23,261444.7,11883.85,18021.45895760702,100.9,400.0,115000.2,43563.61999999999,1,1994
192552,-1,0,0.0,70646,94,14,3,1,4,58.4,8547,2.65,120,weekly issuance,1993/08/29,female,58,26,25,158360.4,6090.784615384614,8280.211002707227,10.2,800.0,49563.0,23979.01176470588,1,1994
164052,-1,0,0.0,51313,34,12,3,1,4,59.2,8930,3.52,108,issuance after transaction,1993/11/17,female,46,28,37,394206.7,14078.810714285715,16630.01876276395,53.7,-2564.7,112045.6,41752.16153846152,1,1994
205200,1,0,0.0,1204953,0,0,0,1,1,100.0,12541,0.29,167,weekly issuance,1993/06/11,female,58,36,93,623544.1000000001,17320.669444444447,18532.38836159656,82.4,900.0,93928.5,58336.31162790698,1,1994
51408,1,0,0.0,45714,52,10,5,1,6,55.6,8843,2.82,113,monthly issuance,1993/11/16,male,72,31,33,453745.69999999995,14636.958064516128,16009.250483117028,43.8,900.0,137087.2,52299.285937499975,1,1994
199680,1,0,0.0,139012,59,41,8,3,10,61.9,8363,2.52,108,monthly issuance,1993/10/25,male,72,28,46,282042.6,10072.949999999999,11122.933740383558,20.2,500.0,62238.8,33658.61756756758,1,1994
482940,-1,0,0.0,1204953,0,0,0,1,1,100.0,12541,0.29,167,monthly issuance,1993/08/29,female,45,56,74,273163.9,4877.926785714286,6930.983326628101,7.8,900.0,57707.2,26358.7546153846,1,1994
36684,1,0,0.0,285387,0,2,8,5,7,89.9,10177,6.63,81,monthly issuance,1993/03/29,female,43,50,75,315586.8,6311.736,6588.546762336432,8.3,700.0,50774.2,30229.797600000005,1,1994
398640,1,0,0.0,323870,0,0,0,1,1,100.0,10673,4.75,100,weekly issuance,1993/07/26,female,61,34,52,741435.8,21806.935294117644,22565.664807843103,32.1,400.0,121689.5,63383.57558139535,1,1994
100980,1,0,0.0,387570,0,0,0,1,1,100.0,9897,1.6,140,monthly issuance,1993/12/01,male,56,27,43,207705.6,7692.799999999999,8018.395488068478,75.7,600.0,53376.7,35614.74428571429,1,1994
31248,1,0,0.0,1204953,0,0,0,1,1,100.0,12541,0.29,167,monthly issuance,1993/05/30,female,82,51,69,857688.8,16817.427450980394,16825.87374556315,128.0,1000.0,144715.3,64493.09916666662,1,1994
115992,1,0,0.0,51313,34,12,3,1,4,59.2,8930,3.52,108,weekly issuance,1993/04/17,male,84,46,81,399447.49999999994,8683.641304347828,11965.946763295991,5.4,200.0,107692.0,25666.40708661417,1,1994
76380,1,0,0.0,1204953,0,0,0,1,1,100.0,12541,0.29,167,monthly issuance,1994/05/01,female,64,20,25,91939.2,4596.959999999999,4712.425757996785,36.1,1100.0,41703.3,26122.848888888897,1,1995
288468,1,0,0.0,86513,38,36,5,1,5,50.5,8288,3.79,110,monthly issuance,1994/08/29,female,63,14,3,95840.50000000001,6845.750000000001,11034.899217883512,6.4,600.0,71939.2,36999.52352941177,1,1995
177744,-1,0,0.0,108871,41,29,7,2,6,62.1,8444,3.24,106,monthly issuance,1993/08/10,male,49,36,59,326642.5,9073.402777777777,11111.194579945966,10.0,-2485.5,89733.5,26746.5252631579,1,1995
270648,-1,0,0.0,1204953,0,0,0,1,1,100.0,12541,0.29,167,weekly issuance,1994/03/07,male,84,36,36,492006.6,13666.849999999999,18160.931559830766,105.9,200.0,134501.4,60819.976388888885,1,1995
48624,1,0,0.0,128118,9,16,6,3,8,85.3,9317,6.49,97,monthly issuance,1993/08/05,male,60,49,68,736573.0,15032.102040816324,14898.825859617396,21.1,200.0,134187.4,63857.2367521368,1,1995
76416,1,0,0.0,1204953,0,0,0,1,1,100.0,12541,0.29,167,monthly issuance,1993/03/13,female,87,57,96,505472.8,8867.943859649122,10002.545773505748,48.8,8686.4,64494.1,31375.160784313728,2,1995
137880,-1,0,0.0,226122,32,50,7,4,4,62.6,8994,3.8,110,weekly issuance,1993/09/15,male,58,38,51,278052.9,7317.181578947369,7291.526961197341,30.5,200.0,52658.4,24523.07303370786,1,1995
347952,1,0,0.0,45714,52,10,5,1,6,55.6,8843,2.82,113,monthly issuance,1993/03/30,female,57,50,70,835259.0000000001,16705.18,17379.245774409974,111.1,300.0,123013.2,54157.19416666667,1,1995
68112,1,0,0.0,88768,10,18,5,1,7,80.5,8867,1.02,130,monthly issuance,1993/08/04,female,44,37,110,747246.0999999999,20195.84054054054,21406.983358311678,113.6,300.0,111588.8,47220.13401360543,1,1995
95808,1,0,0.0,161854,73,21,6,1,6,76.3,9425,1.72,125,monthly issuance,1993/11/27,male,81,40,50,758891.5,18972.2875,16865.476371573266,109.8,900.0,122452.2,59701.78666666667,1,1995
20832,1,0,0.0,85852,41,23,4,2,4,59.8,8965,7.08,104,monthly issuance,1993/08/01,male,73,47,104,197615.90000000002,4204.593617021276,4568.553229624768,26.0,500.0,41997.9,21368.909933774863,1,1995
316140,-1,0,0.0,1204953,0,0,0,1,1,100.0,12541,0.29,167,monthly issuance,1993/03/24,male,53,60,79,275514.7,4591.911666666667,4472.8282460892815,16.7,800.0,39616.2,18632.933812949643,1,1995
43164,1,0,0.0,117897,139,28,5,1,6,53.8,8814,4.76,107,monthly issuance,1994/02/08,female,45,26,43,505169.9,19429.611538461537,21566.298497578613,111.0,800.0,120071.4,68377.06376811591,1,1995
221280,1,0,0.0,323870,0,0,0,1,1,100.0,10673,4.75,100,weekly issuance,1994/01/15,female,57,25,46,437805.60000000003,17512.224,18886.26615714622,69.5,1100.0,106144.8,37596.93239436623,2,1995
151728,-1,0,0.0,323870,0,0,0,1,1,100.0,10673,4.75,100,monthly issuance,1994/05/16,male,45,28,29,249499.7,8910.703571428572,13565.002400608162,9.8,-669.7,82784.6,30491.098245614015,1,1995
79920,1,0,0.0,170449,0,0,0,1,1,100.0,10787,2.64,131,monthly issuance,1993/11/26,male,68,29,66,381737.6,13163.365517241378,14096.07700074426,24.3,700.0,74199.5,43846.97789473684,1,1995
538500,1,0,0.0,95616,65,30,4,1,6,51.4,9307,3.85,118,monthly issuance,1994/03/18,male,61,22,36,258133.60000000003,11733.345454545457,12241.57074187425,40.4,200.0,69775.9,33687.85862068966,1,1995
97224,1,0,0.0,74062,99,15,4,2,7,61.4,8114,2.38,119,monthly issuance,1993/09/10,male,71,42,70,230279.8,5482.852380952382,5690.511384034256,51.9,1000.0,43393.0,22360.53660714285,2,1995
28248,1,0,0.0,162580,83,26,5,1,6,72.8,9538,1.51,111,monthly issuance,1993/08/24,female,51,38,56,398113.5999999999,10476.673684210524,11121.579780639377,26.9,400.0,69893.0,45582.44893617021,1,1995
168984,-1,0,0.0,1204953,0,0,0,1,1,100.0,12541,0.29,167,monthly issuance,1993/08/10,male,45,74,86,920743.1,12442.474324324327,16271.418007332113,28.0,-517.7,120806.4,56053.99750000008,1,1995
76680,1,0,0.0,228848,15,40,18,2,6,57.2,9893,4.09,96,monthly issuance,1993/09/12,female,67,53,90,719837.3,13581.835849056604,19987.889534204827,91.9,1000.0,104676.1,62933.4748251748,2,1995
331560,1,0,0.0,88884,80,26,6,2,5,46.7,8507,1.67,132,monthly issuance,1993/08/21,female,39,40,79,459626.4,11490.66,12316.987682096751,36.3,900.0,71924.6,36941.99831932773,2,1995
103680,-1,0,0.0,95907,87,25,5,2,7,59.1,8388,2.41,87,monthly issuance,1993/07/20,male,50,44,65,227466.7,5169.697727272727,5092.981211591363,26.2,500.0,46520.1,28250.10917431192,1,1995
99696,-1,0,0.0,114200,101,41,4,1,4,43.7,8403,5.74,105,monthly issuance,1993/06/08,female,50,45,63,649189.6,14426.435555555556,16356.543583868195,61.8,-974.6,127684.9,46341.29351851856,1,1995
134784,1,0,0.0,285387,0,2,8,5,7,89.9,10177,6.63,81,monthly issuance,1994/06/04,female,81,30,25,264674.3,8822.476666666666,14458.349213914627,12.2,900.0,112839.2,44005.11272727274,1,1995
15420,1,0,0.0,1204953,0,0,0,1,1,100.0,12541,0.29,167,monthly issuance,1993/05/23,female,56,53,98,253168.6,4776.766037735849,4884.570441823116,22.1,1000.0,41137.4,24577.200000000033,1,1995
31728,1,0,0.0,1204953,0,0,0,1,1,100.0,12541,0.29,167,monthly issuance,1993/09/05,female,71,41,76,319027.3,7781.153658536584,8053.18089540082,36.5,600.0,56122.8,31139.747863247834,2,1995
185952,1,0,0.0,125236,28,11,1,4,5,87.7,9675,6.43,100,monthly issuance,1994/03/19,male,76,20,14,250010.1,12500.505,16935.10434827066,68.7,700.0,145318.2,50113.19411764706,1,1995
156672,1,0,0.0,72541,66,26,10,0,8,36.9,8594,1.62,112,monthly issuance,1994/02/25,female,65,37,38,135886.90000000002,3672.6189189189195,3551.690906599422,11.2,500.0,41876.9,22927.502666666693,1,1995
18564,1,0,0.0,1204953,0,0,0,1,1,100.0,12541,0.29,167,monthly issuance,1994/11/25,female,58,9,4,77465.7,8607.3,10385.836977225283,24.0,200.0,56498.4,35538.04615384616,1,1995
158976,1,0,0.0,139012,59,41,8,3,10,61.9,8363,2.52,108,monthly issuance,1993/11/03,male,82,52,104,678171.0000000001,13041.749999999998,13603.887577446525,74.4,600.0,130293.2,49916.091025641086,1,1995
47304,1,0,0.0,197099,29,41,10,2,10,74.7,9624,1.6,145,monthly issuance,1993/11/10,male,50,76,91,1189194.4,15647.294736842105,17036.188992384374,38.3,400.0,148093.0,68740.02335329348,1,1995
104712,1,0,0.0,323870,0,0,0,1,1,100.0,10673,4.75,100,monthly issuance,1993/05/20,male,77,72,119,1155020.5,16041.951388888885,16620.530595350563,83.9,400.0,147603.2,57357.84345549748,1,1995
126600,1,0,0.0,162580,83,26,5,1,6,72.8,9538,1.51,111,monthly issuance,1993/05/20,male,82,46,86,795503.6,17293.55652173913,17819.145751474447,62.3,400.0,94043.3,47118.99318181818,1,1995
68400,-1,0,0.0,228848,15,40,18,2,6,57.2,9893,4.09,96,monthly issuance,1994/10/30,female,45,9,5,62746.2,6971.799999999999,11183.766661773661,66.2,800.0,51242.2,31793.735714285714,1,1995
225420,1,0,0.0,117897,139,28,5,1,6,53.8,8814,4.76,107,monthly issuance,1994/06/17,female,73,22,29,155236.5,7056.204545454547,7273.706922063439,43.4,200.0,53271.6,31185.156862745098,1,1995
248148,1,0,0.0,72541,66,26,10,0,8,36.9,8594,1.62,112,monthly issuance,1993/12/11,female,81,37,83,347756.19999999995,9398.816216216215,9879.254997538854,86.7,600.0,67486.0,36063.78833333336,1,1995
187224,-1,0,0.0,1204953,0,0,0,1,1,100.0,12541,0.29,167,monthly issuance,1993/12/13,male,74,38,50,502143.60000000003,13214.305263157892,16502.302563744764,16.8,-243.3,92571.3,42084.311363636334,1,1995
36396,1,0,0.0,127369,31,32,13,2,7,51.2,8369,4.73,107,weekly issuance,1993/07/06,male,49,56,102,949476.7,16954.94107142857,17421.002082176314,92.8,800.0,125887.5,57977.03481012657,1,1995
189060,1,0,0.0,149893,63,29,6,2,6,67.4,9753,4.64,109,issuance after transaction,1994/11/02,female,63,14,16,301974.5,21569.60714285714,22692.419653045927,100.5,200.0,101793.6,72242.8966666667,1,1995
71064,1,0,0.0,85852,41,23,4,2,4,59.8,8965,7.08,104,monthly issuance,1994/04/21,female,75,29,57,226245.69999999998,7801.575862068966,8226.384399021723,32.3,700.0,55373.3,34577.30232558138,1,1995
87216,1,0,0.0,1204953,0,0,0,1,1,100.0,12541,0.29,167,monthly issuance,1993/09/21,female,67,41,107,232489.3,5670.470731707317,5673.2089935169815,25.0,700.0,43787.3,30847.149324324353,1,1995
158760,1,0,0.0,78955,50,24,8,1,9,59.0,9060,1.78,124,monthly issuance,1993/07/27,male,43,55,111,395880.60000000003,7197.82909090909,8273.803562464433,17.0,900.0,59898.4,24908.761445783133,1,1995
417060,1,0,0.0,45714,52,10,5,1,6,55.6,8843,2.82,113,monthly issuance,1993/11/20,male,63,41,33,432097.10000000003,10538.953658536588,14228.90225662362,67.8,200.0,127508.6,58445.027027027056,2,1995
63360,1,0,0.0,75685,31,28,5,1,9,60.8,8208,1.89,155,monthly issuance,1993/09/06,female,59,49,70,202133.0,4125.163265306122,4198.692867364292,51.7,700.0,40733.8,29108.363865546195,2,1995
29784,1,0,0.0,170449,0,0,0,1,1,100.0,10787,2.64,131,monthly issuance,1995/02/08,male,48,9,3,60620.2,6735.5777777777785,6669.971137264722,59.4,200.0,49220.3,27626.08333333333,2,1995
139536,1,0,0.0,117897,139,28,5,1,6,53.8,8814,4.76,107,monthly issuance,1993/11/14,female,80,67,98,1210717.2000000002,18070.40597014925,16553.117927474355,12.2,800.0,151546.9,63889.87393939401,1,1995
265320,1,0,0.0,121947,37,28,7,3,11,70.5,8541,2.51,131,monthly issuance,1993/09/18,male,71,64,84,412238.9,6441.2328125,9263.780338107968,33.6,700.0,61993.3,35566.88108108107,2,1995
198240,1,0,0.0,118650,8,8,5,1,3,85.6,9832,3.32,114,monthly issuance,1995/01/15,male,65,11,5,78047.2,7095.2,7305.874144002209,43.0,300.0,51947.2,30953.143750000003,1,1995
60000,1,0,0.0,77917,85,19,6,1,5,53.5,8390,2.28,132,monthly issuance,1993/09/13,male,75,48,89,184336.5,3840.34375,4081.988093684422,41.5,400.0,39393.9,24643.283941605838,1,1995
465072,1,0,0.0,125832,151,41,2,3,5,48.3,8512,3.51,102,monthly issuance,1994/01/14,female,80,38,65,460422.30000000005,12116.376315789475,13125.870056607197,52.0,300.0,79557.6,27778.745631067963,2,1995
98592,1,0,0.0,92084,55,29,4,3,5,46.7,10124,0.56,141,issuance after transaction,1995/01/08,female,58,13,13,162431.90000000002,12494.76153846154,14073.752585252358,68.7,900.0,78713.7,54128.56538461536,1,1995
285600,1,0,0.0,95616,65,30,4,1,6,51.4,9307,3.85,118,weekly issuance,1994/11/15,male,40,24,25,269184.3,11216.012500000003,13346.718169462272,31.1,1100.0,126077.1,49651.8918367347,2,1995
44088,1,0,0.0,81344,61,23,4,2,6,55.3,8899,3.39,149,monthly issuance,1994/12/08,female,70,17,15,128071.3,7533.605882352941,8712.749825433313,61.8,1000.0,55576.8,36548.818750000006,1,1995
20220,1,0,0.0,81344,61,23,4,2,6,55.3,8899,3.39,149,monthly issuance,1994/08/27,female,48,23,28,263406.0,11452.434782608696,14715.895590996111,90.7,500.0,122906.7,41077.63529411765,1,1995
107640,1,0,0.0,88884,80,26,6,2,5,46.7,8507,1.67,132,monthly issuance,1995/02/13,female,62,12,11,233781.10000000003,19481.758333333335,20687.868352093712,69.6,600.0,107783.7,50214.50434782608,1,1995
21396,1,0,0.0,58796,22,16,7,1,5,51.9,9045,3.13,124,monthly issuance,1994/06/04,female,46,34,44,193524.1,5691.8852941176465,5807.16104175945,59.2,1000.0,46848.9,30812.946153846162,2,1995
33984,1,0,0.0,197099,29,41,10,2,10,74.7,9624,1.6,145,monthly issuance,1994/08/24,male,49,36,34,183167.90000000002,5087.997222222222,7009.146352852561,18.2,600.0,55077.5,38587.76000000001,1,1995
45336,1,0,0.0,51428,50,11,3,1,4,52.7,8402,3.13,120,monthly issuance,1994/04/27,male,64,33,57,361660.3,10959.40303030303,11427.286514700374,16.3,800.0,71486.0,48152.953333333375,1,1995
85860,1,0,0.0,88884,80,26,6,2,5,46.7,8507,1.67,132,monthly issuance,1994/06/29,female,66,47,49,181800.00000000003,3868.0851063829787,5516.512883783313,5.0,1000.0,44713.5,30461.404166666678,1,1995
188688,1,0,0.0,197099,29,41,10,2,10,74.7,9624,1.6,145,monthly issuance,1995/04/02,female,56,12,10,131401.4,10950.116666666667,13612.244491822483,70.0,400.0,71255.7,42203.17272727273,1,1995
309552,1,0,0.0,226122,32,50,7,4,4,62.6,8994,3.8,110,monthly issuance,1995/01/18,male,86,16,19,330907.3,20681.706250000003,21612.294539342452,55.7,700.0,121713.2,56105.49999999996,1,1995
36168,1,0,0.0,1204953,0,0,0,1,1,100.0,12541,0.29,167,monthly issuance,1995/03/04,male,60,15,21,139338.2,9289.213333333335,10031.543256424895,64.2,300.0,63738.0,39063.76666666667,1,1995
314520,1,0,0.0,105606,77,26,7,2,7,53.0,8254,2.79,97,weekly issuance,1994/06/05,female,66,56,74,1011187.1000000001,18056.912500000002,16897.738626369908,88.2,500.0,128119.4,63527.42000000002,1,1995
21852,1,0,0.0,125236,28,11,1,4,5,87.7,9675,6.43,100,monthly issuance,1995/04/22,male,67,12,6,104539.90000000001,8711.658333333333,10570.55529456134,27.8,700.0,60863.2,38509.05,1,1995
266220,1,0,0.0,70646,94,14,3,1,4,58.4,8547,2.65,120,monthly issuance,1994/05/10,female,56,53,91,420932.30000000005,7942.118867924531,11465.41167371299,83.4,900.0,66744.4,34922.881249999984,1,1995
231696,1,0,0.0,1204953,0,0,0,1,1,100.0,12541,0.29,167,weekly issuance,1994/07/01,female,47,34,92,692989.8999999999,20382.05588235294,22050.37882088102,102.1,800.0,108575.3,45873.61666666672,2,1995
260028,1,0,0.0,75637,35,36,9,0,7,36.5,9622,0.45,154,monthly issuance,1993/12/08,male,45,47,114,1042331.3,22177.26170212766,23496.414645972218,150.1,200.0,124900.7,50676.81987577646,1,1995
419880,1,0,0.0,1204953,0,0,0,1,1,100.0,12541,0.29,167,weekly issuance,1995/05/26,male,78,11,7,232190.5,21108.227272727272,24734.340292075343,39.0,200.0,104039.9,59352.83333333334,2,1995
37908,1,0,0.0,145688,22,41,13,2,5,40.7,8544,1.29,109,monthly issuance,1994/07/28,female,45,31,45,307505.69999999995,9919.538709677418,10390.880287337784,14.1,800.0,69530.4,42164.027631578945,1,1995
73836,1,0,0.0,119895,17,4,3,2,4,89.9,10446,7.34,90,monthly issuance,1995/04/26,female,54,14,5,192453.1,13746.65,17258.131984472177,19.1,900.0,129607.8,55315.16842105263,1,1995
41952,1,0,0.0,161854,73,21,6,1,6,76.3,9425,1.72,125,monthly issuance,1994/09/03,male,49,31,74,321582.80000000005,10373.63870967742,11448.341393281313,71.6,500.0,71527.0,41502.025714285715,1,1995
99336,1,0,0.0,228848,15,40,18,2,6,57.2,9893,4.09,96,monthly issuance,1994/12/09,female,41,24,28,128469.79999999999,5352.908333333333,5837.2880217291995,58.5,300.0,46568.0,27019.571153846144,1,1995
60156,-1,0,0.0,93931,74,21,10,1,8,56.9,8427,1.12,107,monthly issuance,1995/03/27,male,45,26,30,480580.30000000005,18483.85769230769,17607.33855427726,15.9,400.0,159712.8,72667.63571428569,1,1995
182040,1,0,0.0,51428,50,11,3,1,4,52.7,8402,3.13,120,monthly issuance,1994/11/21,male,72,24,35,536797.8,22366.575,23232.705006936834,67.2,600.0,110447.5,67475.90169491527,2,1995
244368,1,0,0.0,114200,101,41,4,1,4,43.7,8403,5.74,105,issuance after transaction,1994/07/22,male,51,64,80,1328954.3,20764.9109375,16500.498778147776,200.0,200.0,143453.3,75924.2409722223,1,1995
113796,1,0,0.0,387570,0,0,0,1,1,100.0,9897,1.6,140,issuance after transaction,1994/12/01,female,44,25,47,249344.09999999998,9973.764000000001,10662.964486517496,104.9,500.0,58022.1,36840.57361111111,2,1995
73056,1,0,0.0,119895,17,4,3,2,4,89.9,10446,7.34,90,monthly issuance,1995/02/06,female,44,23,28,73128.70000000001,3179.5086956521745,3043.154834574422,15.7,500.0,33555.4,23255.149019607838,2,1995
137904,-1,0,0.0,75637,35,36,9,0,7,36.5,9622,0.45,154,monthly issuance,1995/07/22,male,53,9,3,55759.8,6195.533333333334,5852.680097399822,29.4,600.0,43259.7,26886.19166666667,1,1995
31176,1,0,0.0,1204953,0,0,0,1,1,100.0,12541,0.29,167,monthly issuance,1995/06/08,male,53,12,11,129137.7,10761.475,11279.735325563837,71.1,700.0,65769.6,46304.15217391303,1,1995
217152,1,classic,951122.0,226122,32,50,7,4,4,62.6,8994,3.8,110,monthly issuance,1995/01/29,male,47,21,36,382143.0,18197.28571428571,19725.115633635352,4.4,400.0,109774.3,49107.06666666669,1,1995
194880,1,0,0.0,323870,0,0,0,1,1,100.0,10673,4.75,100,monthly issuance,1994/06/01,male,42,37,76,478122.4,12922.227027027027,13668.439955801843,108.1,300.0,71138.8,36421.42566371683,1,1995
27984,1,0,0.0,139012,59,41,8,3,10,61.9,8363,2.52,108,weekly issuance,1994/07/10,male,72,30,46,286194.39999999997,9539.813333333332,14385.312000493428,56.9,500.0,82352.4,30639.863157894713,1,1995
92976,1,0,0.0,51313,34,12,3,1,4,59.2,8930,3.52,108,weekly issuance,1994/05/22,male,44,50,59,666916.9,13338.337999999998,14748.409595764722,66.1,300.0,122342.1,50436.466055045865,2,1995
104712,1,0,0.0,51313,34,12,3,1,4,59.2,8930,3.52,108,weekly issuance,1994/05/22,male,44,50,58,664119.2999999999,13282.386,14758.449368965925,66.1,300.0,119752.3,52379.12870370369,2,1995
191880,1,0,0.0,103347,87,16,7,1,7,67.0,9104,1.51,123,monthly issuance,1995/03/15,male,72,35,52,566208.8999999999,16177.397142857148,15766.190089508656,71.8,400.0,128539.4,53685.78620689651,1,1995
232560,1,0,0.0,323870,0,0,0,1,1,100.0,10673,4.75,100,issuance after transaction,1995/07/05,female,51,14,13,197022.59999999998,14073.042857142855,13954.254891979352,107.8,600.0,102665.9,63188.63333333334,1,1995
204000,1,0,0.0,77917,85,19,6,1,5,53.5,8390,2.28,132,monthly issuance,1994/12/17,male,77,25,40,269311.0,10772.44,11437.70676807637,49.3,400.0,68172.8,37809.39846153843,1,1995
125340,1,0,0.0,1204953,0,0,0,1,1,100.0,12541,0.29,167,weekly issuance,1994/09/05,male,77,57,70,624607.3999999999,10958.024561403507,14031.02612211188,69.3,500.0,110933.4,51145.51574803151,1,1995
309600,1,0,0.0,226122,32,50,7,4,4,62.6,8994,3.8,110,weekly issuance,1995/01/17,male,46,22,34,467021.00000000006,21228.227272727272,22153.825212454456,64.8,400.0,112363.1,58185.589285714275,1,1995
189696,1,0,0.0,51428,50,11,3,1,4,52.7,8402,3.13,120,weekly issuance,1995/04/09,female,77,30,59,559759.2000000001,18658.64,17219.246572519987,152.6,700.0,125386.9,54137.10561797752,2,1996
135360,1,junior,951024.0,102609,75,33,2,3,6,52.0,8187,4.83,94,monthly issuance,1995/01/03,male,46,32,45,603340.4,18854.3875,18147.592634761724,65.4,200.0,146479.5,64881.31428571429,1,1996
98832,1,0,0.0,95907,87,25,5,2,7,59.1,8388,2.41,87,monthly issuance,1994/02/06,female,51,50,127,401400.30000000005,8028.005999999999,8518.190730943912,38.1,500.0,63095.4,31814.268361581904,1,1996
20352,1,0,0.0,109164,98,16,6,1,4,63.6,8757,3.38,96,monthly issuance,1995/04/03,male,69,22,26,97274.6,4421.572727272727,4694.180527214299,24.4,400.0,44427.9,31814.41458333332,2,1996
165120,1,0,0.0,121947,37,28,7,3,11,70.5,8541,2.51,131,monthly issuance,1994/05/21,male,68,50,66,197974.40000000002,3959.488,3911.455420999363,31.0,1100.0,37946.3,24377.371551724114,2,1996
89880,1,0,0.0,285387,0,2,8,5,7,89.9,10177,6.63,81,weekly issuance,1995/08/18,male,58,13,16,215539.49999999997,16579.961538461535,19986.375573689296,26.2,800.0,116004.2,62571.28275862068,1,1996
128988,-1,0,0.0,70646,94,14,3,1,4,58.4,8547,2.65,120,weekly issuance,1994/08/01,male,82,35,47,314909.49999999994,8997.414285714287,11910.012455842325,1.5,-36.1,78192.9,34740.702439024375,1,1996
63252,1,0,0.0,94725,38,28,1,3,6,63.4,9920,2.26,130,monthly issuance,1994/04/07,female,72,48,116,800390.8999999999,16674.810416666667,17666.312041864527,106.4,13097.7,86343.2,49291.82256097561,1,1996
61656,-1,0,0.0,53921,61,22,1,1,2,41.3,8598,2.77,123,weekly issuance,1995/08/27,female,68,9,3,125895.5,13988.388888888889,18998.679367619505,36.9,400.0,89256.9,44763.458333333336,1,1996
72408,-1,0,0.0,51313,34,12,3,1,4,59.2,8930,3.52,108,issuance after transaction,1995/10/09,female,63,9,4,109163.9,12129.322222222221,17362.907539333508,96.5,700.0,83619.5,45099.26153846154,1,1996
113544,1,0,0.0,114200,101,41,4,1,4,43.7,8403,5.74,105,monthly issuance,1995/02/20,male,79,26,45,235792.1,9068.926923076924,10416.594575332485,29.2,700.0,68048.1,33990.419718309866,1,1996
56100,1,0,0.0,387570,0,0,0,1,1,100.0,9897,1.6,140,monthly issuance,1995/01/11,male,63,28,40,138828.1,4958.146428571429,5046.941873861331,43.6,1000.0,45346.1,20158.00147058824,1,1996
290700,-1,0,0.0,139012,59,41,8,3,10,61.9,8363,2.52,108,monthly issuance,1995/01/25,female,62,42,58,719516.0,17131.333333333332,15647.314274398293,5.1,-2825.2,129626.3,59647.42399999998,1,1996
123216,1,0,0.0,85852,41,23,4,2,4,59.8,8965,7.08,104,monthly issuance,1994/08/12,male,43,48,80,815518.8999999999,16989.97708333333,17736.10508218997,54.9,700.0,138433.7,70622.83359375004,2,1996
380160,1,0,0.0,323870,0,0,0,1,1,100.0,10673,4.75,100,monthly issuance,1994/07/30,male,72,47,62,878170.4999999999,18684.478723404252,18434.7246224988,88.4,1100.0,147375.1,64777.07522935782,1,1996
213300,1,0,0.0,162580,83,26,5,1,6,72.8,9538,1.51,111,monthly issuance,1995/04/13,male,57,27,32,123704.30000000002,4581.6407407407405,4287.397679268793,43.4,400.0,42443.7,27951.913559322016,1,1996
247728,1,0,0.0,1204953,0,0,0,1,1,100.0,12541,0.29,167,weekly issuance,1995/08/08,male,42,23,27,329077.8,14307.730434782608,18936.522297436357,32.1,200.0,108390.1,60054.73400000001,1,1996
202788,1,0,0.0,51313,34,12,3,1,4,59.2,8930,3.52,108,weekly issuance,1995/02/20,female,68,26,53,678389.7000000001,26091.91153846154,27062.794323311507,51.3,1100.0,139880.9,57124.26835443034,1,1996
154656,1,0,0.0,161227,5,35,11,4,10,69.7,8678,5.93,102,monthly issuance,1994/12/23,male,65,32,57,314688.7,9834.021875000002,10547.187786377888,28.5,1000.0,61782.0,31791.328089887662,1,1996
100224,-1,0,0.0,285387,0,2,8,5,7,89.9,10177,6.63,81,monthly issuance,1995/11/22,female,64,15,3,60087.100000000006,4005.806666666667,6489.553056310324,26.5,700.0,46487.1,28124.93333333333,1,1996
44628,1,0,0.0,53921,61,22,1,1,2,41.3,8598,2.77,123,weekly issuance,1994/07/14,male,78,43,103,1079599.7999999998,25106.97209302325,26383.345740234054,95.5,900.0,112689.5,49477.32123287669,1,1996
215616,-1,0,0.0,42821,4,13,5,1,3,48.4,8173,3.1193421052631565,124,monthly issuance,1995/06/13,male,64,30,31,165167.30000000005,5505.576666666669,7807.65248350808,31.1,-3424.6,50124.8,21447.624590163923,1,1996
200976,1,0,0.0,114200,101,41,4,1,4,43.7,8403,5.74,105,monthly issuance,1995/09/09,male,66,17,18,216791.3,12752.429411764706,13865.612582742455,60.7,600.0,83553.5,47938.06571428571,1,1996
277884,-1,0,0.0,105606,77,26,7,2,7,53.0,8254,2.79,97,monthly issuance,1994/05/26,female,41,46,71,632945.0,13759.673913043482,16057.73582978947,15.0,1000.0,129394.2,46487.00256410256,1,1996
249312,1,0,0.0,170449,0,0,0,1,1,100.0,10787,2.64,131,weekly issuance,1995/02/13,male,66,30,30,327590.7,10919.69,15410.900469682112,45.7,900.0,88597.4,35914.85499999999,1,1996
320976,-1,0,0.0,1204953,0,0,0,1,1,100.0,12541,0.29,167,monthly issuance,1995/08/18,male,85,23,27,400580.1000000001,17416.526086956525,24504.295001567254,68.7,1000.0,130775.0,49482.96800000001,1,1996
30276,-1,0,0.0,103347,87,16,7,1,7,67.0,9104,1.51,123,monthly issuance,1995/04/07,female,82,58,34,243755.4,4202.679310344828,6800.897564131519,44.8,1000.0,58621.4,31318.87282608695,1,1996
49440,1,0,0.0,285387,0,2,8,5,7,89.9,10177,6.63,81,monthly issuance,1995/01/21,female,55,31,79,327632.69999999995,10568.796774193546,11129.80202218302,28.7,300.0,74419.8,47798.86545454537,1,1996
30276,-1,0,0.0,103347,87,16,7,1,7,67.0,9104,1.51,123,monthly issuance,1995/04/07,female,82,46,34,242179.19999999998,5264.765217391303,7280.994775173006,47.1,715.0,58157.5,25197.09249999999,1,1996
165960,1,0,0.0,93931,74,21,10,1,8,56.9,8427,1.12,107,monthly issuance,1994/10/19,female,77,37,88,813241.7999999999,21979.508108108108,23313.946853694182,57.8,700.0,107069.6,52523.24480000004,1,1996
123600,1,0,0.0,285387,0,2,8,5,7,89.9,10177,6.63,81,monthly issuance,1995/07/14,female,60,20,29,231224.8,11561.24,15808.91680291454,14.8,300.0,105255.7,39514.6775510204,2,1996
220620,1,0,0.0,70646,94,14,3,1,4,58.4,8547,2.65,120,monthly issuance,1994/12/02,female,78,54,74,418400.0,7748.148148148148,11386.393467374313,96.5,1100.0,70272.7,36907.456249999996,1,1996
66480,-1,0,0.0,182027,17,49,12,2,7,56.4,8746,3.33,90,weekly issuance,1995/12/27,male,86,7,3,85491.2,12213.028571428571,19032.693848280673,20.0,900.0,77551.0,34798.28,1,1996
320592,1,0,0.0,145688,22,41,13,2,5,40.7,8544,1.29,109,monthly issuance,1995/02/08,male,56,30,58,645092.7,21503.089999999993,22151.954737291246,91.6,500.0,117827.8,60781.306818181794,2,1996
161496,1,0,0.0,226122,32,50,7,4,4,62.6,8994,3.8,110,weekly issuance,1994/08/30,male,50,52,78,459573.5,8837.951923076924,11664.042726788563,8.0,500.0,113865.5,33219.90000000003,1,1996
284280,1,0,0.0,114006,71,26,6,2,9,62.3,9065,4.46,123,monthly issuance,1994/11/15,male,62,36,58,742462.2000000001,20623.950000000004,21265.047313823285,93.6,300.0,109361.9,64182.6414893617,2,1996
173016,1,0,0.0,177686,69,27,10,1,9,74.8,10045,1.42,135,weekly issuance,1995/07/17,female,76,47,47,679597.9000000001,14459.529787234043,15903.92186745301,39.4,300.0,123928.2,61799.24361702124,1,1996
368880,1,0,0.0,125832,151,41,2,3,5,48.3,8512,3.51,102,monthly issuance,1994/10/22,female,43,58,124,1106097.9,19070.65344827586,17417.93459569979,9.7,1100.0,151062.3,60030.74340659332,2,1996
176148,1,0,0.0,85852,41,23,4,2,4,59.8,8965,7.08,104,monthly issuance,1996/01/23,female,58,9,4,141192.69999999998,15688.077777777777,18210.58476400317,34.9,1100.0,83783.4,47154.5,1,1996
186384,1,0,0.0,128118,9,16,6,3,8,85.3,9317,6.49,97,weekly issuance,1994/09/02,male,62,82,108,1146007.0,13975.695121951228,17259.872439587733,67.1,700.0,129557.3,61578.30157894749,1,1996
360000,1,0,0.0,197099,29,41,10,2,10,74.7,9624,1.6,145,issuance after transaction,1994/11/13,female,48,57,79,1045406.1000000001,18340.45789473684,26110.607359646463,94.6,600.0,126072.0,51149.65514705883,1,1996
30060,1,classic,960101.0,72541,66,26,10,0,8,36.9,8594,1.62,112,monthly issuance,1994/09/03,male,70,45,141,476146.8,10581.039999999999,11022.240045974815,50.3,500.0,69382.9,37213.407526881754,1,1996
46320,1,0,0.0,133777,24,17,7,3,11,84.7,8705,5.75,116,monthly issuance,1995/01/02,male,42,48,130,729496.5,15197.843750000005,16696.142342468218,28.9,900.0,119892.5,43657.81348314611,1,1996
141948,1,0,0.0,228848,15,40,18,2,6,57.2,9893,4.09,96,monthly issuance,1996/03/14,female,71,7,3,68439.8,9777.114285714286,12265.431529224532,49.6,800.0,63263.1,32592.68,1,1996
19044,1,0,0.0,122603,25,21,6,2,8,80.0,8991,1.39,128,monthly issuance,1995/05/28,female,47,29,40,252799.0,8717.206896551725,9237.936963565397,14.2,600.0,64981.1,43121.75507246376,1,1996
85716,1,0,0.0,74062,99,15,4,2,7,61.4,8114,2.38,119,monthly issuance,1996/02/12,female,78,15,4,86716.99999999999,5781.133333333332,7646.998232702319,52.5,800.0,52782.7,31337.25789473685,2,1996
155880,1,0,0.0,114006,71,26,6,2,9,62.3,9065,4.46,123,monthly issuance,1994/10/13,male,53,51,91,891122.3999999999,17472.988235294117,17539.79808987147,104.4,1000.0,164648.6,63263.14718309857,2,1996
32640,1,0,0.0,161854,73,21,6,1,6,76.3,9425,1.72,125,monthly issuance,1995/03/24,male,79,39,68,157742.7,4044.684615384616,3911.337030286949,20.7,300.0,43206.0,25906.4093457944,1,1996
20196,1,0,0.0,1204953,0,0,0,1,1,100.0,12541,0.29,167,monthly issuance,1995/02/11,male,50,34,62,440905.80000000005,12967.817647058824,13354.369914670664,57.8,200.0,77158.8,52636.598958333314,1,1996
444864,1,0,0.0,197099,29,41,10,2,10,74.7,9624,1.6,145,monthly issuance,1995/08/15,female,56,27,37,226733.7,8397.544444444446,9150.477512228248,50.4,800.0,62903.5,32404.773437499996,2,1996
11400,1,0,0.0,387570,0,0,0,1,1,100.0,9897,1.6,140,monthly issuance,1995/08/03,female,41,29,48,107628.59999999999,3711.3310344827587,3792.1799461055803,24.1,300.0,39514.1,27533.66363636363,1,1996
96768,1,0,0.0,85852,41,23,4,2,4,59.8,8965,7.08,104,monthly issuance,1995/07/27,male,60,28,38,455757.69999999995,16277.060714285717,18218.109607391154,13.4,900.0,117830.9,51611.34242424239,2,1996
133968,1,0,0.0,139012,59,41,8,3,10,61.9,8363,2.52,108,monthly issuance,1995/11/09,female,85,23,56,409989.80000000005,17825.64347826087,18975.4598397228,61.0,200.0,117458.5,46772.31518987341,2,1996
187104,1,0,0.0,226122,32,50,7,4,4,62.6,8994,3.8,110,monthly issuance,1996/03/09,female,44,16,9,288707.0,18044.1875,16189.195004276771,2.5,300.0,137193.5,66292.37199999999,1,1996
162468,1,0,0.0,105058,32,19,7,2,10,81.0,9272,2.8,118,monthly issuance,1996/03/05,male,67,10,5,150438.8,15043.88,16053.537388501014,70.9,700.0,83862.8,51279.553333333344,2,1996
89340,1,0,0.0,110643,49,41,4,1,4,51.9,8441,3.45,115,monthly issuance,1995/11/09,male,50,20,24,123335.59999999999,6166.780000000001,6520.884264915385,31.8,500.0,54020.1,39644.76363636365,2,1996
89340,1,0,0.0,110643,49,41,4,1,4,51.9,8441,3.45,115,monthly issuance,1995/11/09,male,50,20,24,123340.5,6167.025000000001,6520.646110856371,31.8,500.0,54628.1,40005.48181818184,2,1996
258444,1,0,0.0,1204953,0,0,0,1,1,100.0,12541,0.29,167,weekly issuance,1996/01/11,male,55,12,4,96392.09999999999,8032.675,10014.106007947445,141.4,600.0,61790.4,40688.1375,1,1996
155640,1,0,0.0,95616,65,30,4,1,6,51.4,9307,3.85,118,monthly issuance,1995/06/19,female,78,27,78,324426.00000000006,12015.777777777777,12853.288844953064,38.6,500.0,72838.9,45183.34952380955,1,1996
270384,1,0,0.0,75232,55,26,4,1,5,41.7,8980,1.95,111,monthly issuance,1995/05/27,male,59,32,55,568470.1,17764.690625,19142.18504708922,25.6,700.0,91294.4,47654.24482758614,1,1996
54024,1,classic,950613.0,117897,139,28,5,1,6,53.8,8814,4.76,107,monthly issuance,1994/10/01,male,53,45,102,652932.3999999999,14509.60888888889,15248.890444074077,67.3,1000.0,81705.8,36480.18503401359,1,1996
44376,1,0,0.0,58796,22,16,7,1,5,51.9,9045,3.13,124,monthly issuance,1996/02/27,male,59,18,21,333102.3,18505.68333333333,17332.37948951411,108.4,800.0,124090.0,53505.215384615374,1,1996
85632,1,0,0.0,197099,29,41,10,2,10,74.7,9624,1.6,145,monthly issuance,1995/04/05,female,72,38,47,697341.9,18351.10263157895,18906.895909000414,135.9,800.0,156504.1,65066.73529411768,1,1996
148920,1,0,0.0,108871,41,29,7,2,6,62.1,8444,3.24,106,weekly issuance,1996/02/01,male,44,16,15,129036.6,8064.787499999999,7910.814660187239,50.5,400.0,63289.9,32435.319354838695,1,1996
91152,1,classic,960808.0,105058,32,19,7,2,10,81.0,9272,2.8,118,monthly issuance,1995/05/15,male,79,31,46,383627.69999999995,12375.087096774194,12926.712353410978,69.6,400.0,72327.7,44829.54415584412,1,1996
141648,1,0,0.0,139012,59,41,8,3,10,61.9,8363,2.52,108,monthly issuance,1996/02/04,female,76,13,5,171310.2,13177.707692307693,16779.76810087382,55.6,200.0,123310.1,45100.42222222222,2,1996
388512,-1,0,0.0,42821,4,13,5,1,3,48.4,8173,3.1193421052631565,124,issuance after transaction,1994/11/17,female,52,54,66,458514.0,8490.999999999998,10430.75052537647,21.7,-2838.8,84743.5,21371.32,1,1996
402000,1,0,0.0,149893,63,29,6,2,6,67.4,9753,4.64,109,monthly issuance,1995/10/15,male,41,29,25,90423.0,3118.0344827586205,2873.069847775554,34.9,200.0,35650.8,21568.935185185193,1,1996
253512,-1,0,0.0,108871,41,29,7,2,6,62.1,8444,3.24,106,weekly issuance,1996/01/28,female,76,14,15,171658.5,12261.32142857143,14961.454032339678,13.4,300.0,111044.2,37095.84482758619,1,1996
71460,1,0,0.0,1204953,0,0,0,1,1,100.0,12541,0.29,167,monthly issuance,1996/01/13,male,44,16,15,181884.69999999998,11367.793749999999,12158.553622009966,84.1,700.0,76403.1,49220.9806451613,2,1996
29448,-1,0,0.0,226122,32,50,7,4,4,62.6,8994,3.8,110,monthly issuance,1996/05/15,male,74,9,2,67390.6,7487.844444444445,8907.012040537376,63.8,800.0,43790.6,28977.436363636363,1,1996
48744,1,0,0.0,148545,8,35,12,3,4,53.5,8909,4.01,113,monthly issuance,1996/05/03,female,57,11,3,111191.29999999999,10108.3,10824.800261436698,53.7,900.0,62891.3,42930.20714285715,1,1996
181020,1,0,0.0,78955,50,24,8,1,9,59.0,9060,1.78,124,monthly issuance,1995/03/15,male,53,37,56,359492.8,9716.021621621625,10065.997931433854,52.9,500.0,60475.3,34005.90645161289,2,1996
68832,1,0,0.0,1204953,0,0,0,1,1,100.0,12541,0.29,167,monthly issuance,1995/10/23,male,62,24,29,233238.4,9718.266666666668,10565.587801943613,28.1,700.0,61939.6,37557.05471698113,1,1996
74124,1,0,0.0,107870,84,29,6,1,6,58.0,8754,3.83,137,weekly issuance,1995/04/09,female,82,39,83,563270.2999999999,14442.828205128204,16611.232071766328,60.9,400.0,159765.9,54371.29918032791,1,1996
174048,1,0,0.0,162580,83,26,5,1,6,72.8,9538,1.51,111,monthly issuance,1995/10/10,female,69,38,31,492928.1,12971.792105263157,15882.076248338693,146.2,600.0,127067.6,72968.3811594203,1,1996
84120,1,0,0.0,42821,4,13,5,1,3,48.4,8173,3.1193421052631565,124,weekly issuance,1996/06/09,female,71,12,7,172282.9,14356.908333333335,15616.689005236925,65.8,900.0,89570.9,56910.689473684215,1,1996
194940,1,0,0.0,112065,95,19,7,1,8,69.4,11277,1.25,127,monthly issuance,1995/06/15,male,57,38,53,593514.7000000001,15618.807894736841,16478.102366988835,1.3,600.0,138172.6,56669.787912087864,1,1996
15192,1,0,0.0,122603,25,21,6,2,8,80.0,8991,1.39,128,monthly issuance,1994/11/10,female,49,47,122,355100.19999999995,7555.3234042553195,7944.395260023497,72.8,500.0,48157.1,29941.905325443797,1,1996
96168,1,0,0.0,197099,29,41,10,2,10,74.7,9624,1.6,145,weekly issuance,1995/01/19,female,49,84,65,615726.7,7330.079761904763,13437.48009523461,24.8,600.0,138010.1,50492.688590603946,1,1996
139464,-1,0,0.0,182027,17,49,12,2,7,56.4,8746,3.33,90,monthly issuance,1995/08/27,male,63,19,12,146863.2,7729.642105263159,13706.231327000132,20.2,300.0,65062.8,31532.748387096784,1,1996
54396,1,0,0.0,110643,49,41,4,1,4,51.9,8441,3.45,115,monthly issuance,1996/03/21,male,82,14,9,62423.4,4458.814285714286,4242.655606476307,27.8,800.0,42308.8,30293.708695652185,1,1996
392460,1,0,0.0,107870,84,29,6,1,6,58.0,8754,3.83,137,monthly issuance,1994/11/24,male,42,46,97,947723.0,20602.673913043476,22143.410842600402,43.2,900.0,115913.4,57131.74055944061,2,1996
101520,1,0,0.0,1204953,0,0,0,1,1,100.0,12541,0.29,167,monthly issuance,1996/02/01,female,45,18,20,110391.2,6132.844444444445,6641.691315091911,33.0,400.0,43218.7,26449.092105263157,1,1996
77184,1,0,0.0,1204953,0,0,0,1,1,100.0,12541,0.29,167,monthly issuance,1995/03/11,female,67,36,41,571831.4,15884.20555555556,19736.328417615274,36.3,200.0,142917.9,50722.27012987011,1,1996
70656,1,0,0.0,1204953,0,0,0,1,1,100.0,12541,0.29,167,monthly issuance,1996/01/05,male,69,29,24,148728.99999999997,5128.586206896552,7387.125376613216,37.4,600.0,55343.2,32646.850943396235,1,1996
64656,1,0,0.0,67298,71,19,10,0,7,43.8,8561,0.65,110,monthly issuance,1996/06/08,female,80,9,3,60648.9,6738.766666666666,6751.726592509504,62.9,200.0,44749.0,25896.466666666664,2,1996
396120,1,0,0.0,51428,50,11,3,1,4,52.7,8402,3.13,120,weekly issuance,1995/04/15,female,71,36,59,776665.3,21574.03611111111,22277.48984332651,79.1,500.0,104859.1,58855.27789473691,1,1996
93600,1,0,0.0,81344,61,23,4,2,6,55.3,8899,3.39,149,monthly issuance,1995/12/17,male,49,21,34,229169.30000000002,10912.823809523808,15825.986008584261,52.1,900.0,96108.3,40078.70727272725,1,1996
22968,1,0,0.0,93931,74,21,10,1,8,56.9,8427,1.12,107,monthly issuance,1996/06/25,female,71,10,1,42431.0,4243.1,4141.884247537586,16.3,1000.0,38831.0,23324.936363636363,1,1996
262980,1,0,0.0,53921,61,22,1,1,2,41.3,8598,2.77,123,monthly issuance,1995/10/21,female,55,24,32,242727.40000000002,10113.641666666668,14843.822047072139,66.3,900.0,78574.3,41729.616071428565,1,1996
372120,1,0,0.0,197099,29,41,10,2,10,74.7,9624,1.6,145,monthly issuance,1995/01/05,female,84,71,101,1328950.6,18717.61408450704,16202.282349668216,27.1,500.0,128495.4,64044.04593023261,2,1996
86184,1,0,0.0,285387,0,2,8,5,7,89.9,10177,6.63,81,monthly issuance,1996/03/06,female,81,16,26,368574.5,23035.90625,24068.088355675965,105.0,300.0,128146.0,59935.271428571425,1,1996
86184,1,0,0.0,285387,0,2,8,5,7,89.9,10177,6.63,81,monthly issuance,1996/03/06,female,81,16,26,368577.8,23036.112499999996,24067.881014660044,105.0,300.0,128146.0,60273.67857142853,1,1996
192744,1,0,0.0,145688,22,41,13,2,5,40.7,8544,1.29,109,monthly issuance,1996/06/16,female,50,13,13,214555.3,16504.253846153846,17928.138461304126,16.8,200.0,128778.8,62590.42307692309,2,1996
68544,1,0,0.0,114006,71,26,6,2,9,62.3,9065,4.46,123,weekly issuance,1996/02/19,female,37,17,37,253465.89999999997,14909.75882352941,16403.345361276875,48.2,900.0,94207.7,44948.62592592594,2,1996
88440,1,0,0.0,128118,9,16,6,3,8,85.3,9317,6.49,97,issuance after transaction,1996/05/11,male,83,16,15,269640.8,16852.55,17191.278889793706,116.9,200.0,103239.0,62778.09032258065,2,1996
110112,1,0,0.0,107911,88,33,6,2,7,50.9,8240,2.53,99,monthly issuance,1995/12/15,male,58,37,45,760052.5,20541.959459459464,16491.15663401077,105.0,700.0,135658.1,76232.70000000003,1,1996
110136,1,0,0.0,1204953,0,0,0,1,1,100.0,12541,0.29,167,monthly issuance,1995/05/08,female,63,29,34,387680.2,13368.282758620688,17084.363815699784,83.5,400.0,140542.8,50815.80476190475,1,1996
276300,1,0,0.0,197099,29,41,10,2,10,74.7,9624,1.6,145,monthly issuance,1995/07/14,male,45,45,47,156608.80000000002,3480.195555555556,2924.596696668041,23.2,500.0,40755.0,25997.563043478272,1,1996
359760,1,0,0.0,161854,73,21,6,1,6,76.3,9425,1.72,125,monthly issuance,1995/07/29,male,42,25,23,213955.90000000002,8558.236,12461.185949508712,21.9,900.0,127807.6,32434.693750000006,1,1996
321180,1,0,0.0,177686,69,27,10,1,9,74.8,10045,1.42,135,monthly issuance,1996/03/27,female,77,17,21,276707.3,16276.9,17754.49450991213,17.7,700.0,90257.3,40524.463157894745,2,1996
46176,1,0,0.0,145688,22,41,13,2,5,40.7,8544,1.29,109,monthly issuance,1996/06/07,male,55,11,6,92238.1,8385.281818181818,9313.164440062053,64.5,1000.0,54705.1,33613.10588235293,1,1996
421008,1,0,0.0,177686,69,27,10,1,9,74.8,10045,1.42,135,monthly issuance,1996/01/19,male,68,22,28,228633.1,10392.413636363637,11170.542493468105,44.9,600.0,72330.4,37436.421999999984,1,1996
72120,1,0,0.0,139012,59,41,8,3,10,61.9,8363,2.52,108,monthly issuance,1995/03/14,male,62,40,62,782536.9,19563.422500000008,19986.27330841624,92.7,1000.0,109338.9,75686.06568627457,2,1996
228276,1,0,0.0,1204953,0,0,0,1,1,100.0,12541,0.29,167,monthly issuance,1996/06/09,female,54,13,7,98722.6,7594.046153846154,8426.390352400347,66.5,500.0,60236.6,41402.134999999995,2,1996
182640,1,0,0.0,145688,22,41,13,2,5,40.7,8544,1.29,109,monthly issuance,1996/03/28,female,79,17,23,196501.2,11558.89411764706,12628.22607076458,11.5,600.0,64411.8,37802.23000000001,1,1996
61560,1,0,0.0,51313,34,12,3,1,4,59.2,8930,3.52,108,weekly issuance,1996/01/07,male,78,22,49,355774.2,16171.554545454546,16691.13652308078,79.1,200.0,73559.9,32967.71267605635,1,1996
179328,1,0,0.0,387570,0,0,0,1,1,100.0,9897,1.6,140,monthly issuance,1996/01/22,male,48,21,31,250367.8,11922.27619047619,12534.927365960471,35.6,200.0,81614.7,44093.971153846156,1,1996
155616,1,0,0.0,92084,55,29,4,3,5,46.7,10124,0.56,141,monthly issuance,1996/04/20,female,62,16,14,149490.8,9343.175,10739.6770988393,35.6,300.0,62153.6,39426.06999999999,1,1996
417600,1,gold,960717.0,157042,49,70,18,0,9,33.9,8743,1.88,111,issuance after transaction,1995/10/24,male,51,21,13,168038.99999999997,8001.857142857141,13671.521657064053,175.0,200.0,87052.1,43196.74411764705,1,1996
123408,1,gold,960703.0,119895,17,4,3,2,4,89.9,10446,7.34,90,issuance after transaction,1995/11/23,male,57,25,40,192349.19999999998,7693.968000000001,11496.03045510783,67.5,700.0,85626.9,28359.255384615382,1,1996
155616,1,0,0.0,226122,32,50,7,4,4,62.6,8994,3.8,110,monthly issuance,1995/01/21,male,42,70,102,451400.80000000005,6448.582857142858,9143.297044140203,23.7,200.0,75294.1,44197.50988372092,2,1996
222180,-1,0,0.0,45714,52,10,5,1,6,55.6,8843,2.82,113,monthly issuance,1995/11/29,male,82,28,31,375691.6,13417.557142857142,15547.006686233815,103.2,800.0,130659.1,55230.44406779658,1,1996
45024,1,0,0.0,285387,0,2,8,5,7,89.9,10177,6.63,81,monthly issuance,1996/05/21,female,64,20,19,170898.6,8544.929999999998,12066.488804126297,41.0,800.0,63659.3,41994.90769230771,1,1996
115812,1,0,0.0,93931,74,21,10,1,8,56.9,8427,1.12,107,monthly issuance,1995/05/20,male,68,51,73,844304.2999999998,16554.9862745098,17170.849461398462,51.1,1100.0,119527.2,56646.516129032294,1,1996
129408,1,0,0.0,106054,38,25,6,2,6,63.1,8110,5.77,109,monthly issuance,1995/10/14,female,59,29,78,255540.99999999997,8811.758620689656,9224.068085391655,50.1,1000.0,56055.6,30869.78130841124,1,1996
